endpoint,method,bin,lower,upper,count,mean_confidence,accuracy
full,EmbraceNet,1,0.0,0.1,0,,
full,EmbraceNet,2,0.1,0.2,0,,
full,EmbraceNet,3,0.2,0.3,0,,
full,EmbraceNet,4,0.3,0.4,0,,
full,EmbraceNet,5,0.4,0.5,0,,
full,EmbraceNet,6,0.5,0.6,3,0.5394178732983871,0.6666666666666666
full,EmbraceNet,7,0.6,0.7,4,0.646821605149954,0.75
full,EmbraceNet,8,0.7,0.8,8,0.7586289505371597,0.875
full,EmbraceNet,9,0.8,0.9,9,0.8462401664259637,0.8888888888888888
full,EmbraceNet,10,0.9,1.0,133,0.9839906197924548,0.9924812030075187
full,EmbraceNet+FASCA,1,0.0,0.1,0,,
full,EmbraceNet+FASCA,2,0.1,0.2,0,,
full,EmbraceNet+FASCA,3,0.2,0.3,0,,
full,EmbraceNet+FASCA,4,0.3,0.4,0,,
full,EmbraceNet+FASCA,5,0.4,0.5,0,,
full,EmbraceNet+FASCA,6,0.5,0.6,2,0.515117701214169,0.5
full,EmbraceNet+FASCA,7,0.6,0.7,5,0.641231244453229,0.6
full,EmbraceNet+FASCA,8,0.7,0.8,3,0.7697497780124346,0.6666666666666666
full,EmbraceNet+FASCA,9,0.8,0.9,11,0.8499337176444254,1.0
full,EmbraceNet+FASCA,10,0.9,1.0,136,0.9809558652320443,1.0
all_15,EmbraceNet,1,0.0,0.1,0,,
all_15,EmbraceNet,2,0.1,0.2,0,,
all_15,EmbraceNet,3,0.2,0.3,0,,
all_15,EmbraceNet,4,0.3,0.4,23,0.37697286338765834,0.30434782608695654
all_15,EmbraceNet,5,0.4,0.5,108,0.45224728260990305,0.37037037037037035
all_15,EmbraceNet,6,0.5,0.6,181,0.5499604502580262,0.574585635359116
all_15,EmbraceNet,7,0.6,0.7,150,0.6491180813920908,0.62
all_15,EmbraceNet,8,0.7,0.8,148,0.7542775900687588,0.8513513513513513
all_15,EmbraceNet,9,0.8,0.9,191,0.8534392289808834,0.8795811518324608
all_15,EmbraceNet,10,0.9,1.0,1554,0.9775580211741559,0.9768339768339769
all_15,EmbraceNet+FASCA,1,0.0,0.1,0,,
all_15,EmbraceNet+FASCA,2,0.1,0.2,0,,
all_15,EmbraceNet+FASCA,3,0.2,0.3,0,,
all_15,EmbraceNet+FASCA,4,0.3,0.4,16,0.37387638780435534,0.5625
all_15,EmbraceNet+FASCA,5,0.4,0.5,85,0.4568813369082883,0.36470588235294116
all_15,EmbraceNet+FASCA,6,0.5,0.6,149,0.5491138832551129,0.5167785234899329
all_15,EmbraceNet+FASCA,7,0.6,0.7,156,0.650436690939936,0.5705128205128205
all_15,EmbraceNet+FASCA,8,0.7,0.8,151,0.7502057641257666,0.7417218543046358
all_15,EmbraceNet+FASCA,9,0.8,0.9,178,0.8539947952950036,0.9044943820224719
all_15,EmbraceNet+FASCA,10,0.9,1.0,1620,0.9747400879184428,0.9864197530864197
