method,seed,endpoint,trials,subjects,brier,ece10,nll
EmbraceNet,51,full,157,55,0.06795418220860923,0.026285000084632464,0.12579760171856752
EmbraceNet,51,all_15,2355,55,0.1937579505797683,0.024127355751662388,0.3555647638432525
EmbraceNet,52,full,157,55,0.06312783071498956,0.009978568336986904,0.10689441403785689
EmbraceNet,52,all_15,2355,55,0.19037406990238204,0.020962375680226308,0.3486460150084667
EmbraceNet,53,full,157,55,0.05715952367451697,0.028638752017502784,0.10787419915448737
EmbraceNet,53,all_15,2355,55,0.20210913002724154,0.0260396555717268,0.3670151389395536
EmbraceNet+FASCA,51,full,157,55,0.04932081748193191,0.022267663013610182,0.09376183075887007
EmbraceNet+FASCA,51,all_15,2355,55,0.18482469899916176,0.02021049977976711,0.3350246916986442
EmbraceNet+FASCA,52,full,157,55,0.03624658120423333,0.02520494530146252,0.07325200765033232
EmbraceNet+FASCA,52,all_15,2355,55,0.1661208720044098,0.012699221790127535,0.30448311246154275
EmbraceNet+FASCA,53,full,157,55,0.03585992553716251,0.023632292150736842,0.07377927550513655
EmbraceNet+FASCA,53,all_15,2355,55,0.17531485350925924,0.02103243918312255,0.3258581000960056
