available_modalities,modality_count,baseline_mean,baseline_seed_sd,fasca_mean,fasca_seed_sd,paired_participant_gain,paired_ci_low,paired_ci_high,participants,bootstrap_repeats,bootstrap_seed
eeg,1,0.434857921417718,0.017168090351787773,0.46912240952318723,0.051625446578114235,0.04511784511784512,0.006397306397306403,0.08484848484848485,55,20000,20260928
emg,1,0.5595985295890202,0.03204319603776899,0.6058854532406411,0.008243822119348595,0.047474747474747475,0.011784511784511773,0.08484848484848485,55,20000,20260928
imu,1,0.946957730319316,0.009820170095192947,0.9638478663726927,0.009673946846691543,0.01818181818181818,-0.008754208754208764,0.04917508417508272,55,20000,20260928
fp,1,0.9169831868658237,0.0059097043173954224,0.9321169636767541,0.02251596618725357,0.01952861952861953,-0.011784511784511766,0.05521885521885523,55,20000,20260928
eeg+emg,2,0.5725366421300754,0.030286145573033347,0.6046464640107251,0.02314963752803893,0.03265993265993267,-0.009764309764309767,0.07373737373737375,55,20000,20260928
eeg+imu,2,0.946957730319316,0.009820170095192947,0.9638478663726927,0.009673946846691543,0.01818181818181818,-0.009427609427609434,0.04915824915824916,55,20000,20260928
eeg+fp,2,0.9211349383946478,0.013132859178863997,0.9344203435415289,0.022263930829272707,0.016835016835016835,-0.014141414141414134,0.050168350168350175,55,20000,20260928
emg+imu,2,0.9425051575779845,0.012794512076051102,0.9639296724742653,0.009809882823526348,0.02356902356902357,-0.0026936026936027007,0.05050505050505051,55,20000,20260928
emg+fp,2,0.9384155261799457,0.013385009268012595,0.9234056431437393,0.02786008764033955,-0.017845117845117844,-0.04444444444444445,0.00707070707070708,55,20000,20260928
imu+fp,2,0.963864314729905,0.00355161628418331,0.9683311870088146,0.00617561171840299,0.004713804713804714,-0.013468013468013471,0.0228956228956229,55,20000,20260928
eeg+emg+imu,3,0.9425051575779845,0.012794512076051102,0.9660692769334572,0.007578068143130411,0.02626262626262626,-0.0006734006734006764,0.05521885521885522,55,20000,20260928
eeg+emg+fp,3,0.9319108508186128,0.007435946020107713,0.9301811835145167,0.016691506726570507,-0.0026936026936026985,-0.03400673400673401,0.03265993265993265,55,20000,20260928
eeg+imu+fp,3,0.963864314729905,0.00355161628418331,0.9704816530512845,0.007165324692029309,0.007407407407407408,-0.00875420875420876,0.024242424242424253,55,20000,20260928
emg+imu+fp,3,0.9616958504619789,0.012815739820031698,0.9788263038968802,0.0036974616860623332,0.019865319865319864,0.0026936026936026955,0.03905723905723906,55,20000,20260928
eeg+emg+imu+fp,4,0.9637962497581546,0.009816042809194228,0.9767295050074325,0.003740448535489386,0.01582491582491583,0.002020202020202015,0.03232323232323234,55,20000,20260928
