method,seed,subject,endpoint,macro_f1
embracenet,51,1,mean_15,0.8444444444444444
embracenet,51,1,incomplete_14,0.8333333333333333
embracenet,51,1,full,1.0
embracenet,51,1,single_modality_mean,0.625
embracenet,51,10,mean_15,0.8592592592592592
embracenet,51,10,incomplete_14,0.8492063492063491
embracenet,51,10,full,1.0
embracenet,51,10,single_modality_mean,0.6805555555555555
embracenet,51,15,mean_15,0.8666666666666667
embracenet,51,15,incomplete_14,0.8571428571428571
embracenet,51,15,full,1.0
embracenet,51,15,single_modality_mean,0.6111111111111112
embracenet,51,19,mean_15,0.8296296296296295
embracenet,51,19,incomplete_14,0.8174603174603173
embracenet,51,19,full,1.0
embracenet,51,19,single_modality_mean,0.6944444444444444
embracenet,51,36,mean_15,0.5592592592592592
embracenet,51,36,incomplete_14,0.5595238095238095
embracenet,51,36,full,0.5555555555555555
embracenet,51,36,single_modality_mean,0.4861111111111111
embracenet,51,39,mean_15,0.8333333333333334
embracenet,51,39,incomplete_14,0.8214285714285714
embracenet,51,39,full,1.0
embracenet,51,39,single_modality_mean,0.5833333333333333
embracenet,51,40,mean_15,0.9185185185185186
embracenet,51,40,incomplete_14,0.9126984126984128
embracenet,51,40,full,1.0
embracenet,51,40,single_modality_mean,0.6944444444444444
embracenet,51,43,mean_15,0.6074074074074075
embracenet,51,43,incomplete_14,0.6031746031746034
embracenet,51,43,full,0.6666666666666666
embracenet,51,43,single_modality_mean,0.4444444444444444
embracenet,51,48,mean_15,0.8814814814814815
embracenet,51,48,incomplete_14,0.8730158730158731
embracenet,51,48,full,1.0
embracenet,51,48,single_modality_mean,0.7222222222222222
embracenet,51,49,mean_15,0.9444444444444445
embracenet,51,49,incomplete_14,0.9404761904761906
embracenet,51,49,full,1.0
embracenet,51,49,single_modality_mean,0.7916666666666666
embracenet,51,59,mean_15,0.8851851851851851
embracenet,51,59,incomplete_14,0.8769841269841269
embracenet,51,59,full,1.0
embracenet,51,59,single_modality_mean,0.6805555555555555
embracenet,52,1,mean_15,0.8666666666666667
embracenet,52,1,incomplete_14,0.8571428571428571
embracenet,52,1,full,1.0
embracenet,52,1,single_modality_mean,0.6944444444444444
embracenet,52,10,mean_15,0.8333333333333334
embracenet,52,10,incomplete_14,0.8214285714285714
embracenet,52,10,full,1.0
embracenet,52,10,single_modality_mean,0.5833333333333333
embracenet,52,15,mean_15,0.8592592592592593
embracenet,52,15,incomplete_14,0.8492063492063492
embracenet,52,15,full,1.0
embracenet,52,15,single_modality_mean,0.5833333333333333
embracenet,52,19,mean_15,0.888888888888889
embracenet,52,19,incomplete_14,0.880952380952381
embracenet,52,19,full,1.0
embracenet,52,19,single_modality_mean,0.6944444444444444
embracenet,52,36,mean_15,0.7
embracenet,52,36,incomplete_14,0.6785714285714286
embracenet,52,36,full,1.0
embracenet,52,36,single_modality_mean,0.4861111111111111
embracenet,52,39,mean_15,0.8592592592592592
embracenet,52,39,incomplete_14,0.8492063492063491
embracenet,52,39,full,1.0
embracenet,52,39,single_modality_mean,0.6805555555555555
embracenet,52,40,mean_15,0.9407407407407408
embracenet,52,40,incomplete_14,0.9365079365079365
embracenet,52,40,full,1.0
embracenet,52,40,single_modality_mean,0.7777777777777777
embracenet,52,43,mean_15,0.5851851851851853
embracenet,52,43,incomplete_14,0.5793650793650794
embracenet,52,43,full,0.6666666666666666
embracenet,52,43,single_modality_mean,0.47222222222222215
embracenet,52,48,mean_15,0.8851851851851851
embracenet,52,48,incomplete_14,0.8769841269841269
embracenet,52,48,full,1.0
embracenet,52,48,single_modality_mean,0.7777777777777777
embracenet,52,49,mean_15,0.9444444444444445
embracenet,52,49,incomplete_14,0.9404761904761906
embracenet,52,49,full,1.0
embracenet,52,49,single_modality_mean,0.7916666666666666
embracenet,52,59,mean_15,0.9111111111111111
embracenet,52,59,incomplete_14,0.9047619047619048
embracenet,52,59,full,1.0
embracenet,52,59,single_modality_mean,0.7777777777777777
embracenet,53,1,mean_15,0.7814814814814814
embracenet,53,1,incomplete_14,0.7658730158730158
embracenet,53,1,full,1.0
embracenet,53,1,single_modality_mean,0.4861111111111111
embracenet,53,10,mean_15,0.837037037037037
embracenet,53,10,incomplete_14,0.8253968253968254
embracenet,53,10,full,1.0
embracenet,53,10,single_modality_mean,0.5972222222222222
embracenet,53,15,mean_15,0.888888888888889
embracenet,53,15,incomplete_14,0.880952380952381
embracenet,53,15,full,1.0
embracenet,53,15,single_modality_mean,0.6944444444444444
embracenet,53,19,mean_15,0.8444444444444444
embracenet,53,19,incomplete_14,0.8333333333333333
embracenet,53,19,full,1.0
embracenet,53,19,single_modality_mean,0.6111111111111112
embracenet,53,36,mean_15,0.7037037037037037
embracenet,53,36,incomplete_14,0.6825396825396826
embracenet,53,36,full,1.0
embracenet,53,36,single_modality_mean,0.5833333333333333
embracenet,53,39,mean_15,0.8333333333333334
embracenet,53,39,incomplete_14,0.8214285714285714
embracenet,53,39,full,1.0
embracenet,53,39,single_modality_mean,0.5833333333333333
embracenet,53,40,mean_15,0.8666666666666667
embracenet,53,40,incomplete_14,0.8571428571428571
embracenet,53,40,full,1.0
embracenet,53,40,single_modality_mean,0.6111111111111112
embracenet,53,43,mean_15,0.5777777777777778
embracenet,53,43,incomplete_14,0.5714285714285715
embracenet,53,43,full,0.6666666666666666
embracenet,53,43,single_modality_mean,0.4444444444444444
embracenet,53,48,mean_15,0.8666666666666667
embracenet,53,48,incomplete_14,0.8571428571428571
embracenet,53,48,full,1.0
embracenet,53,48,single_modality_mean,0.6944444444444444
embracenet,53,49,mean_15,0.9444444444444445
embracenet,53,49,incomplete_14,0.9404761904761906
embracenet,53,49,full,1.0
embracenet,53,49,single_modality_mean,0.7916666666666666
embracenet,53,59,mean_15,0.8444444444444444
embracenet,53,59,incomplete_14,0.8333333333333333
embracenet,53,59,full,1.0
embracenet,53,59,single_modality_mean,0.6111111111111112
embracenet,51,3,mean_15,0.31111111111111106
embracenet,51,3,incomplete_14,0.3095238095238095
embracenet,51,3,full,0.3333333333333333
embracenet,51,3,single_modality_mean,0.25
embracenet,51,7,mean_15,0.8333333333333334
embracenet,51,7,incomplete_14,0.8214285714285714
embracenet,51,7,full,1.0
embracenet,51,7,single_modality_mean,0.5833333333333333
embracenet,51,14,mean_15,0.7074074074074074
embracenet,51,14,incomplete_14,0.6865079365079365
embracenet,51,14,full,1.0
embracenet,51,14,single_modality_mean,0.4305555555555555
embracenet,51,16,mean_15,0.9703703703703703
embracenet,51,16,incomplete_14,0.9682539682539683
embracenet,51,16,full,1.0
embracenet,51,16,single_modality_mean,0.8888888888888888
embracenet,51,21,mean_15,0.525925925925926
embracenet,51,21,incomplete_14,0.5515873015873016
embracenet,51,21,full,0.16666666666666666
embracenet,51,21,single_modality_mean,0.4722222222222222
embracenet,51,25,mean_15,0.9185185185185186
embracenet,51,25,incomplete_14,0.9126984126984128
embracenet,51,25,full,1.0
embracenet,51,25,single_modality_mean,0.6944444444444444
embracenet,51,26,mean_15,0.3962962962962963
embracenet,51,26,incomplete_14,0.4087301587301587
embracenet,51,26,full,0.2222222222222222
embracenet,51,26,single_modality_mean,0.34722222222222227
embracenet,51,27,mean_15,0.837037037037037
embracenet,51,27,incomplete_14,0.8253968253968254
embracenet,51,27,full,1.0
embracenet,51,27,single_modality_mean,0.5972222222222222
embracenet,51,29,mean_15,0.46296296296296285
embracenet,51,29,incomplete_14,0.4563492063492062
embracenet,51,29,full,0.5555555555555555
embracenet,51,29,single_modality_mean,0.4583333333333333
embracenet,51,38,mean_15,0.8407407407407407
embracenet,51,38,incomplete_14,0.8293650793650793
embracenet,51,38,full,1.0
embracenet,51,38,single_modality_mean,0.5972222222222222
embracenet,51,46,mean_15,0.9111111111111111
embracenet,51,46,incomplete_14,0.9047619047619048
embracenet,51,46,full,1.0
embracenet,51,46,single_modality_mean,0.7777777777777777
embracenet,52,3,mean_15,0.33333333333333326
embracenet,52,3,incomplete_14,0.3333333333333333
embracenet,52,3,full,0.3333333333333333
embracenet,52,3,single_modality_mean,0.3333333333333333
embracenet,52,7,mean_15,0.8037037037037037
embracenet,52,7,incomplete_14,0.7896825396825397
embracenet,52,7,full,1.0
embracenet,52,7,single_modality_mean,0.4722222222222222
embracenet,52,14,mean_15,0.888888888888889
embracenet,52,14,incomplete_14,0.880952380952381
embracenet,52,14,full,1.0
embracenet,52,14,single_modality_mean,0.6944444444444444
embracenet,52,16,mean_15,0.8851851851851851
embracenet,52,16,incomplete_14,0.8769841269841269
embracenet,52,16,full,1.0
embracenet,52,16,single_modality_mean,0.6805555555555555
embracenet,52,21,mean_15,0.6814814814814815
embracenet,52,21,incomplete_14,0.6587301587301587
embracenet,52,21,full,1.0
embracenet,52,21,single_modality_mean,0.5972222222222223
embracenet,52,25,mean_15,0.7666666666666667
embracenet,52,25,incomplete_14,0.75
embracenet,52,25,full,1.0
embracenet,52,25,single_modality_mean,0.5694444444444443
embracenet,52,26,mean_15,0.3962962962962963
embracenet,52,26,incomplete_14,0.4087301587301587
embracenet,52,26,full,0.2222222222222222
embracenet,52,26,single_modality_mean,0.34722222222222227
embracenet,52,27,mean_15,0.8592592592592592
embracenet,52,27,incomplete_14,0.8492063492063491
embracenet,52,27,full,1.0
embracenet,52,27,single_modality_mean,0.6805555555555555
embracenet,52,29,mean_15,0.4740740740740741
embracenet,52,29,incomplete_14,0.4920634920634921
embracenet,52,29,full,0.2222222222222222
embracenet,52,29,single_modality_mean,0.5
embracenet,52,38,mean_15,0.9444444444444445
embracenet,52,38,incomplete_14,0.9404761904761906
embracenet,52,38,full,1.0
embracenet,52,38,single_modality_mean,0.7916666666666666
embracenet,52,46,mean_15,0.9407407407407408
embracenet,52,46,incomplete_14,0.9365079365079365
embracenet,52,46,full,1.0
embracenet,52,46,single_modality_mean,0.8888888888888888
embracenet,53,3,mean_15,0.31111111111111106
embracenet,53,3,incomplete_14,0.3095238095238095
embracenet,53,3,full,0.3333333333333333
embracenet,53,3,single_modality_mean,0.25
embracenet,53,7,mean_15,0.8592592592592592
embracenet,53,7,incomplete_14,0.8492063492063491
embracenet,53,7,full,1.0
embracenet,53,7,single_modality_mean,0.6805555555555555
embracenet,53,14,mean_15,0.7222222222222221
embracenet,53,14,incomplete_14,0.7023809523809523
embracenet,53,14,full,1.0
embracenet,53,14,single_modality_mean,0.4861111111111111
embracenet,53,16,mean_15,0.888888888888889
embracenet,53,16,incomplete_14,0.880952380952381
embracenet,53,16,full,1.0
embracenet,53,16,single_modality_mean,0.6944444444444444
embracenet,53,21,mean_15,0.6370370370370372
embracenet,53,21,incomplete_14,0.6111111111111113
embracenet,53,21,full,1.0
embracenet,53,21,single_modality_mean,0.41666666666666674
embracenet,53,25,mean_15,0.9185185185185184
embracenet,53,25,incomplete_14,0.9126984126984127
embracenet,53,25,full,1.0
embracenet,53,25,single_modality_mean,0.8055555555555556
embracenet,53,26,mean_15,0.5962962962962963
embracenet,53,26,incomplete_14,0.5992063492063492
embracenet,53,26,full,0.5555555555555555
embracenet,53,26,single_modality_mean,0.4722222222222222
embracenet,53,27,mean_15,0.8592592592592592
embracenet,53,27,incomplete_14,0.8492063492063491
embracenet,53,27,full,1.0
embracenet,53,27,single_modality_mean,0.6805555555555555
embracenet,53,29,mean_15,0.5333333333333332
embracenet,53,29,incomplete_14,0.5317460317460316
embracenet,53,29,full,0.5555555555555555
embracenet,53,29,single_modality_mean,0.5555555555555555
embracenet,53,38,mean_15,0.8851851851851851
embracenet,53,38,incomplete_14,0.8769841269841269
embracenet,53,38,full,1.0
embracenet,53,38,single_modality_mean,0.6805555555555555
embracenet,53,46,mean_15,0.9703703703703703
embracenet,53,46,incomplete_14,0.9682539682539683
embracenet,53,46,full,1.0
embracenet,53,46,single_modality_mean,0.8888888888888888
embracenet,51,4,mean_15,0.9111111111111111
embracenet,51,4,incomplete_14,0.9047619047619048
embracenet,51,4,full,1.0
embracenet,51,4,single_modality_mean,0.7777777777777777
embracenet,51,5,mean_15,0.8296296296296296
embracenet,51,5,incomplete_14,0.8174603174603174
embracenet,51,5,full,1.0
embracenet,51,5,single_modality_mean,0.6944444444444444
embracenet,51,6,mean_15,0.7037037037037037
embracenet,51,6,incomplete_14,0.6825396825396826
embracenet,51,6,full,1.0
embracenet,51,6,single_modality_mean,0.41666666666666674
embracenet,51,9,mean_15,0.9444444444444445
embracenet,51,9,incomplete_14,0.9404761904761906
embracenet,51,9,full,1.0
embracenet,51,9,single_modality_mean,0.7916666666666666
embracenet,51,17,mean_15,0.8555555555555556
embracenet,51,17,incomplete_14,0.8452380952380952
embracenet,51,17,full,1.0
embracenet,51,17,single_modality_mean,0.5694444444444443
embracenet,51,18,mean_15,0.7629629629629628
embracenet,51,18,incomplete_14,0.7460317460317459
embracenet,51,18,full,1.0
embracenet,51,18,single_modality_mean,0.6111111111111112
embracenet,51,32,mean_15,0.6074074074074075
embracenet,51,32,incomplete_14,0.6031746031746034
embracenet,51,32,full,0.6666666666666666
embracenet,51,32,single_modality_mean,0.4444444444444444
embracenet,51,33,mean_15,0.8407407407407407
embracenet,51,33,incomplete_14,0.8293650793650793
embracenet,51,33,full,1.0
embracenet,51,33,single_modality_mean,0.5972222222222222
embracenet,51,35,mean_15,0.9703703703703703
embracenet,51,35,incomplete_14,0.9682539682539683
embracenet,51,35,full,1.0
embracenet,51,35,single_modality_mean,0.8888888888888888
embracenet,51,44,mean_15,0.9444444444444445
embracenet,51,44,incomplete_14,0.9404761904761906
embracenet,51,44,full,1.0
embracenet,51,44,single_modality_mean,0.7916666666666666
embracenet,51,53,mean_15,0.8407407407407407
embracenet,51,53,incomplete_14,0.8293650793650793
embracenet,51,53,full,1.0
embracenet,51,53,single_modality_mean,0.5972222222222222
embracenet,52,4,mean_15,0.9111111111111111
embracenet,52,4,incomplete_14,0.9047619047619048
embracenet,52,4,full,1.0
embracenet,52,4,single_modality_mean,0.7777777777777777
embracenet,52,5,mean_15,0.7222222222222222
embracenet,52,5,incomplete_14,0.7023809523809524
embracenet,52,5,full,1.0
embracenet,52,5,single_modality_mean,0.5833333333333334
embracenet,52,6,mean_15,0.874074074074074
embracenet,52,6,incomplete_14,0.865079365079365
embracenet,52,6,full,1.0
embracenet,52,6,single_modality_mean,0.6388888888888888
embracenet,52,9,mean_15,0.9703703703703703
embracenet,52,9,incomplete_14,0.9682539682539683
embracenet,52,9,full,1.0
embracenet,52,9,single_modality_mean,0.8888888888888888
embracenet,52,17,mean_15,0.662962962962963
embracenet,52,17,incomplete_14,0.638888888888889
embracenet,52,17,full,1.0
embracenet,52,17,single_modality_mean,0.4444444444444444
embracenet,52,18,mean_15,0.537037037037037
embracenet,52,18,incomplete_14,0.5357142857142857
embracenet,52,18,full,0.5555555555555555
embracenet,52,18,single_modality_mean,0.4861111111111111
embracenet,52,32,mean_15,0.6074074074074075
embracenet,52,32,incomplete_14,0.6031746031746034
embracenet,52,32,full,0.6666666666666666
embracenet,52,32,single_modality_mean,0.4444444444444444
embracenet,52,33,mean_15,0.7814814814814814
embracenet,52,33,incomplete_14,0.7658730158730158
embracenet,52,33,full,1.0
embracenet,52,33,single_modality_mean,0.4861111111111111
embracenet,52,35,mean_15,0.9444444444444445
embracenet,52,35,incomplete_14,0.9404761904761906
embracenet,52,35,full,1.0
embracenet,52,35,single_modality_mean,0.7916666666666666
embracenet,52,44,mean_15,0.8629629629629628
embracenet,52,44,incomplete_14,0.853174603174603
embracenet,52,44,full,1.0
embracenet,52,44,single_modality_mean,0.6805555555555555
embracenet,52,53,mean_15,0.8629629629629628
embracenet,52,53,incomplete_14,0.853174603174603
embracenet,52,53,full,1.0
embracenet,52,53,single_modality_mean,0.6805555555555555
embracenet,53,4,mean_15,0.9703703703703703
embracenet,53,4,incomplete_14,0.9682539682539683
embracenet,53,4,full,1.0
embracenet,53,4,single_modality_mean,0.8888888888888888
embracenet,53,5,mean_15,0.6037037037037037
embracenet,53,5,incomplete_14,0.6071428571428571
embracenet,53,5,full,0.5555555555555555
embracenet,53,5,single_modality_mean,0.5833333333333334
embracenet,53,6,mean_15,0.6518518518518518
embracenet,53,6,incomplete_14,0.6269841269841269
embracenet,53,6,full,1.0
embracenet,53,6,single_modality_mean,0.5833333333333333
embracenet,53,9,mean_15,0.9703703703703703
embracenet,53,9,incomplete_14,0.9682539682539683
embracenet,53,9,full,1.0
embracenet,53,9,single_modality_mean,0.8888888888888888
embracenet,53,17,mean_15,0.7629629629629628
embracenet,53,17,incomplete_14,0.7460317460317459
embracenet,53,17,full,1.0
embracenet,53,17,single_modality_mean,0.4444444444444444
embracenet,53,18,mean_15,0.748148148148148
embracenet,53,18,incomplete_14,0.73015873015873
embracenet,53,18,full,1.0
embracenet,53,18,single_modality_mean,0.5833333333333333
embracenet,53,32,mean_15,0.6370370370370371
embracenet,53,32,incomplete_14,0.634920634920635
embracenet,53,32,full,0.6666666666666666
embracenet,53,32,single_modality_mean,0.5555555555555556
embracenet,53,33,mean_15,0.837037037037037
embracenet,53,33,incomplete_14,0.8253968253968254
embracenet,53,33,full,1.0
embracenet,53,33,single_modality_mean,0.5833333333333333
embracenet,53,35,mean_15,0.7666666666666667
embracenet,53,35,incomplete_14,0.75
embracenet,53,35,full,1.0
embracenet,53,35,single_modality_mean,0.5694444444444443
embracenet,53,44,mean_15,0.9444444444444445
embracenet,53,44,incomplete_14,0.9404761904761906
embracenet,53,44,full,1.0
embracenet,53,44,single_modality_mean,0.7916666666666666
embracenet,53,53,mean_15,0.8407407407407407
embracenet,53,53,incomplete_14,0.8293650793650793
embracenet,53,53,full,1.0
embracenet,53,53,single_modality_mean,0.5972222222222222
embracenet,51,20,mean_15,0.9444444444444445
embracenet,51,20,incomplete_14,0.9404761904761906
embracenet,51,20,full,1.0
embracenet,51,20,single_modality_mean,0.7916666666666666
embracenet,51,22,mean_15,0.8851851851851851
embracenet,51,22,incomplete_14,0.8769841269841269
embracenet,51,22,full,1.0
embracenet,51,22,single_modality_mean,0.6805555555555555
embracenet,51,23,mean_15,0.9111111111111111
embracenet,51,23,incomplete_14,0.9047619047619048
embracenet,51,23,full,1.0
embracenet,51,23,single_modality_mean,0.7777777777777777
embracenet,51,28,mean_15,0.8407407407407407
embracenet,51,28,incomplete_14,0.8293650793650793
embracenet,51,28,full,1.0
embracenet,51,28,single_modality_mean,0.5972222222222222
embracenet,51,34,mean_15,0.8666666666666667
embracenet,51,34,incomplete_14,0.8571428571428571
embracenet,51,34,full,1.0
embracenet,51,34,single_modality_mean,0.6944444444444444
embracenet,51,41,mean_15,0.874074074074074
embracenet,51,41,incomplete_14,0.865079365079365
embracenet,51,41,full,1.0
embracenet,51,41,single_modality_mean,0.6388888888888888
embracenet,51,42,mean_15,0.8111111111111111
embracenet,51,42,incomplete_14,0.7976190476190476
embracenet,51,42,full,1.0
embracenet,51,42,single_modality_mean,0.5972222222222222
embracenet,51,45,mean_15,0.5777777777777778
embracenet,51,45,incomplete_14,0.5714285714285715
embracenet,51,45,full,0.6666666666666666
embracenet,51,45,single_modality_mean,0.4444444444444444
embracenet,51,51,mean_15,0.9481481481481481
embracenet,51,51,incomplete_14,0.9444444444444444
embracenet,51,51,full,1.0
embracenet,51,51,single_modality_mean,0.8055555555555556
embracenet,51,54,mean_15,0.8666666666666667
embracenet,51,54,incomplete_14,0.8571428571428571
embracenet,51,54,full,1.0
embracenet,51,54,single_modality_mean,0.6944444444444444
embracenet,51,56,mean_15,0.7814814814814814
embracenet,51,56,incomplete_14,0.7658730158730158
embracenet,51,56,full,1.0
embracenet,51,56,single_modality_mean,0.4861111111111111
embracenet,52,20,mean_15,0.9703703703703703
embracenet,52,20,incomplete_14,0.9682539682539683
embracenet,52,20,full,1.0
embracenet,52,20,single_modality_mean,0.8888888888888888
embracenet,52,22,mean_15,0.8407407407407407
embracenet,52,22,incomplete_14,0.8293650793650793
embracenet,52,22,full,1.0
embracenet,52,22,single_modality_mean,0.5972222222222222
embracenet,52,23,mean_15,0.9185185185185184
embracenet,52,23,incomplete_14,0.9126984126984127
embracenet,52,23,full,1.0
embracenet,52,23,single_modality_mean,0.8055555555555556
embracenet,52,28,mean_15,0.888888888888889
embracenet,52,28,incomplete_14,0.880952380952381
embracenet,52,28,full,1.0
embracenet,52,28,single_modality_mean,0.6944444444444444
embracenet,52,34,mean_15,1.0
embracenet,52,34,incomplete_14,1.0
embracenet,52,34,full,1.0
embracenet,52,34,single_modality_mean,1.0
embracenet,52,41,mean_15,0.9148148148148149
embracenet,52,41,incomplete_14,0.9087301587301588
embracenet,52,41,full,1.0
embracenet,52,41,single_modality_mean,0.7916666666666666
embracenet,52,42,mean_15,0.8407407407407407
embracenet,52,42,incomplete_14,0.8293650793650793
embracenet,52,42,full,1.0
embracenet,52,42,single_modality_mean,0.5972222222222222
embracenet,52,45,mean_15,0.6074074074074075
embracenet,52,45,incomplete_14,0.6031746031746034
embracenet,52,45,full,0.6666666666666666
embracenet,52,45,single_modality_mean,0.5555555555555555
embracenet,52,51,mean_15,0.9407407407407408
embracenet,52,51,incomplete_14,0.9365079365079365
embracenet,52,51,full,1.0
embracenet,52,51,single_modality_mean,0.8888888888888888
embracenet,52,54,mean_15,0.8851851851851851
embracenet,52,54,incomplete_14,0.8769841269841269
embracenet,52,54,full,1.0
embracenet,52,54,single_modality_mean,0.6805555555555555
embracenet,52,56,mean_15,0.7629629629629628
embracenet,52,56,incomplete_14,0.7460317460317459
embracenet,52,56,full,1.0
embracenet,52,56,single_modality_mean,0.5
embracenet,53,20,mean_15,0.9444444444444445
embracenet,53,20,incomplete_14,0.9404761904761906
embracenet,53,20,full,1.0
embracenet,53,20,single_modality_mean,0.7916666666666666
embracenet,53,22,mean_15,0.8407407407407407
embracenet,53,22,incomplete_14,0.8293650793650793
embracenet,53,22,full,1.0
embracenet,53,22,single_modality_mean,0.5972222222222222
embracenet,53,23,mean_15,0.8666666666666667
embracenet,53,23,incomplete_14,0.8571428571428571
embracenet,53,23,full,1.0
embracenet,53,23,single_modality_mean,0.6944444444444444
embracenet,53,28,mean_15,0.8333333333333334
embracenet,53,28,incomplete_14,0.8214285714285714
embracenet,53,28,full,1.0
embracenet,53,28,single_modality_mean,0.5833333333333333
embracenet,53,34,mean_15,0.9148148148148149
embracenet,53,34,incomplete_14,0.9087301587301588
embracenet,53,34,full,1.0
embracenet,53,34,single_modality_mean,0.7916666666666666
embracenet,53,41,mean_15,0.8592592592592592
embracenet,53,41,incomplete_14,0.8492063492063491
embracenet,53,41,full,1.0
embracenet,53,41,single_modality_mean,0.6805555555555555
embracenet,53,42,mean_15,0.7777777777777778
embracenet,53,42,incomplete_14,0.7619047619047619
embracenet,53,42,full,1.0
embracenet,53,42,single_modality_mean,0.5972222222222222
embracenet,53,45,mean_15,0.5777777777777778
embracenet,53,45,incomplete_14,0.5714285714285715
embracenet,53,45,full,0.6666666666666666
embracenet,53,45,single_modality_mean,0.4444444444444444
embracenet,53,51,mean_15,0.9185185185185184
embracenet,53,51,incomplete_14,0.9126984126984127
embracenet,53,51,full,1.0
embracenet,53,51,single_modality_mean,0.8055555555555556
embracenet,53,54,mean_15,0.8962962962962961
embracenet,53,54,incomplete_14,0.8888888888888887
embracenet,53,54,full,1.0
embracenet,53,54,single_modality_mean,0.8055555555555556
embracenet,53,56,mean_15,0.8666666666666667
embracenet,53,56,incomplete_14,0.8571428571428571
embracenet,53,56,full,1.0
embracenet,53,56,single_modality_mean,0.6944444444444444
embracenet,51,8,mean_15,0.22222222222222224
embracenet,51,8,incomplete_14,0.21428571428571427
embracenet,51,8,full,0.3333333333333333
embracenet,51,8,single_modality_mean,0.16666666666666666
embracenet,51,11,mean_15,0.45925925925925937
embracenet,51,11,incomplete_14,0.44444444444444453
embracenet,51,11,full,0.6666666666666666
embracenet,51,11,single_modality_mean,0.33333333333333337
embracenet,51,12,mean_15,0.8592592592592592
embracenet,51,12,incomplete_14,0.8492063492063491
embracenet,51,12,full,1.0
embracenet,51,12,single_modality_mean,0.6805555555555555
embracenet,51,13,mean_15,0.9111111111111111
embracenet,51,13,incomplete_14,0.9047619047619048
embracenet,51,13,full,1.0
embracenet,51,13,single_modality_mean,0.7777777777777777
embracenet,51,30,mean_15,0.8629629629629629
embracenet,51,30,incomplete_14,0.8531746031746031
embracenet,51,30,full,1.0
embracenet,51,30,single_modality_mean,0.5972222222222222
embracenet,51,31,mean_15,0.8296296296296295
embracenet,51,31,incomplete_14,0.8174603174603173
embracenet,51,31,full,1.0
embracenet,51,31,single_modality_mean,0.5555555555555556
embracenet,51,37,mean_15,0.9111111111111111
embracenet,51,37,incomplete_14,0.9047619047619048
embracenet,51,37,full,1.0
embracenet,51,37,single_modality_mean,0.7777777777777777
embracenet,51,52,mean_15,0.8851851851851851
embracenet,51,52,incomplete_14,0.8769841269841269
embracenet,51,52,full,1.0
embracenet,51,52,single_modality_mean,0.6805555555555555
embracenet,51,55,mean_15,0.5333333333333332
embracenet,51,55,incomplete_14,0.5317460317460316
embracenet,51,55,full,0.5555555555555555
embracenet,51,55,single_modality_mean,0.4722222222222222
embracenet,51,57,mean_15,0.8407407407407407
embracenet,51,57,incomplete_14,0.8293650793650793
embracenet,51,57,full,1.0
embracenet,51,57,single_modality_mean,0.5972222222222222
embracenet,51,58,mean_15,0.8592592592592593
embracenet,51,58,incomplete_14,0.8492063492063492
embracenet,51,58,full,1.0
embracenet,51,58,single_modality_mean,0.5833333333333333
embracenet,52,8,mean_15,0.2444444444444445
embracenet,52,8,incomplete_14,0.23809523809523814
embracenet,52,8,full,0.3333333333333333
embracenet,52,8,single_modality_mean,0.16666666666666666
embracenet,52,11,mean_15,0.5777777777777778
embracenet,52,11,incomplete_14,0.5714285714285715
embracenet,52,11,full,0.6666666666666666
embracenet,52,11,single_modality_mean,0.4444444444444444
embracenet,52,12,mean_15,0.8333333333333334
embracenet,52,12,incomplete_14,0.8214285714285714
embracenet,52,12,full,1.0
embracenet,52,12,single_modality_mean,0.5833333333333333
embracenet,52,13,mean_15,0.9148148148148147
embracenet,52,13,incomplete_14,0.9087301587301587
embracenet,52,13,full,1.0
embracenet,52,13,single_modality_mean,0.6805555555555555
embracenet,52,30,mean_15,0.7666666666666667
embracenet,52,30,incomplete_14,0.75
embracenet,52,30,full,1.0
embracenet,52,30,single_modality_mean,0.5694444444444443
embracenet,52,31,mean_15,0.8407407407407407
embracenet,52,31,incomplete_14,0.8293650793650793
embracenet,52,31,full,1.0
embracenet,52,31,single_modality_mean,0.5972222222222222
embracenet,52,37,mean_15,0.8851851851851851
embracenet,52,37,incomplete_14,0.8769841269841269
embracenet,52,37,full,1.0
embracenet,52,37,single_modality_mean,0.6805555555555555
embracenet,52,52,mean_15,0.888888888888889
embracenet,52,52,incomplete_14,0.880952380952381
embracenet,52,52,full,1.0
embracenet,52,52,single_modality_mean,0.6944444444444444
embracenet,52,55,mean_15,0.5703703703703702
embracenet,52,55,incomplete_14,0.5714285714285713
embracenet,52,55,full,0.5555555555555555
embracenet,52,55,single_modality_mean,0.5833333333333333
embracenet,52,57,mean_15,0.8629629629629629
embracenet,52,57,incomplete_14,0.8531746031746031
embracenet,52,57,full,1.0
embracenet,52,57,single_modality_mean,0.5972222222222222
embracenet,52,58,mean_15,0.837037037037037
embracenet,52,58,incomplete_14,0.8253968253968254
embracenet,52,58,full,1.0
embracenet,52,58,single_modality_mean,0.5972222222222222
embracenet,53,8,mean_15,0.17777777777777776
embracenet,53,8,incomplete_14,0.16666666666666666
embracenet,53,8,full,0.3333333333333333
embracenet,53,8,single_modality_mean,0.08333333333333333
embracenet,53,11,mean_15,0.45925925925925937
embracenet,53,11,incomplete_14,0.44444444444444453
embracenet,53,11,full,0.6666666666666666
embracenet,53,11,single_modality_mean,0.33333333333333337
embracenet,53,12,mean_15,0.8333333333333334
embracenet,53,12,incomplete_14,0.8214285714285714
embracenet,53,12,full,1.0
embracenet,53,12,single_modality_mean,0.5833333333333333
embracenet,53,13,mean_15,0.7666666666666667
embracenet,53,13,incomplete_14,0.75
embracenet,53,13,full,1.0
embracenet,53,13,single_modality_mean,0.5694444444444443
embracenet,53,30,mean_15,0.837037037037037
embracenet,53,30,incomplete_14,0.8253968253968254
embracenet,53,30,full,1.0
embracenet,53,30,single_modality_mean,0.5972222222222222
embracenet,53,31,mean_15,0.8296296296296295
embracenet,53,31,incomplete_14,0.8174603174603173
embracenet,53,31,full,1.0
embracenet,53,31,single_modality_mean,0.5555555555555556
embracenet,53,37,mean_15,0.7962962962962962
embracenet,53,37,incomplete_14,0.7817460317460316
embracenet,53,37,full,1.0
embracenet,53,37,single_modality_mean,0.6805555555555555
embracenet,53,52,mean_15,0.8407407407407407
embracenet,53,52,incomplete_14,0.8293650793650793
embracenet,53,52,full,1.0
embracenet,53,52,single_modality_mean,0.5972222222222222
embracenet,53,55,mean_15,0.4666666666666666
embracenet,53,55,incomplete_14,0.4603174603174603
embracenet,53,55,full,0.5555555555555555
embracenet,53,55,single_modality_mean,0.4722222222222221
embracenet,53,57,mean_15,0.8370370370370369
embracenet,53,57,incomplete_14,0.8253968253968252
embracenet,53,57,full,1.0
embracenet,53,57,single_modality_mean,0.6944444444444444
embracenet,53,58,mean_15,0.9111111111111111
embracenet,53,58,incomplete_14,0.9047619047619048
embracenet,53,58,full,1.0
embracenet,53,58,single_modality_mean,0.7777777777777777
rapid_embracenet_fasca_kd,51,1,mean_15,0.8629629629629628
rapid_embracenet_fasca_kd,51,1,incomplete_14,0.853174603174603
rapid_embracenet_fasca_kd,51,1,full,1.0
rapid_embracenet_fasca_kd,51,1,single_modality_mean,0.6805555555555555
rapid_embracenet_fasca_kd,51,10,mean_15,0.7703703703703703
rapid_embracenet_fasca_kd,51,10,incomplete_14,0.7539682539682538
rapid_embracenet_fasca_kd,51,10,full,1.0
rapid_embracenet_fasca_kd,51,10,single_modality_mean,0.6805555555555556
rapid_embracenet_fasca_kd,51,15,mean_15,0.8962962962962963
rapid_embracenet_fasca_kd,51,15,incomplete_14,0.888888888888889
rapid_embracenet_fasca_kd,51,15,full,1.0
rapid_embracenet_fasca_kd,51,15,single_modality_mean,0.6111111111111112
rapid_embracenet_fasca_kd,51,19,mean_15,0.8407407407407407
rapid_embracenet_fasca_kd,51,19,incomplete_14,0.8293650793650793
rapid_embracenet_fasca_kd,51,19,full,1.0
rapid_embracenet_fasca_kd,51,19,single_modality_mean,0.5972222222222222
rapid_embracenet_fasca_kd,51,36,mean_15,0.7703703703703703
rapid_embracenet_fasca_kd,51,36,incomplete_14,0.7539682539682538
rapid_embracenet_fasca_kd,51,36,full,1.0
rapid_embracenet_fasca_kd,51,36,single_modality_mean,0.5833333333333333
rapid_embracenet_fasca_kd,51,39,mean_15,0.8592592592592592
rapid_embracenet_fasca_kd,51,39,incomplete_14,0.8492063492063491
rapid_embracenet_fasca_kd,51,39,full,1.0
rapid_embracenet_fasca_kd,51,39,single_modality_mean,0.6805555555555555
rapid_embracenet_fasca_kd,51,40,mean_15,0.8666666666666667
rapid_embracenet_fasca_kd,51,40,incomplete_14,0.8571428571428571
rapid_embracenet_fasca_kd,51,40,full,1.0
rapid_embracenet_fasca_kd,51,40,single_modality_mean,0.6111111111111112
rapid_embracenet_fasca_kd,51,43,mean_15,0.6370370370370371
rapid_embracenet_fasca_kd,51,43,incomplete_14,0.634920634920635
rapid_embracenet_fasca_kd,51,43,full,0.6666666666666666
rapid_embracenet_fasca_kd,51,43,single_modality_mean,0.5555555555555556
rapid_embracenet_fasca_kd,51,48,mean_15,0.8518518518518517
rapid_embracenet_fasca_kd,51,48,incomplete_14,0.8412698412698412
rapid_embracenet_fasca_kd,51,48,full,1.0
rapid_embracenet_fasca_kd,51,48,single_modality_mean,0.638888888888889
rapid_embracenet_fasca_kd,51,49,mean_15,0.8814814814814814
rapid_embracenet_fasca_kd,51,49,incomplete_14,0.8730158730158729
rapid_embracenet_fasca_kd,51,49,full,1.0
rapid_embracenet_fasca_kd,51,49,single_modality_mean,0.7777777777777777
rapid_embracenet_fasca_kd,51,59,mean_15,0.9481481481481481
rapid_embracenet_fasca_kd,51,59,incomplete_14,0.9444444444444444
rapid_embracenet_fasca_kd,51,59,full,1.0
rapid_embracenet_fasca_kd,51,59,single_modality_mean,0.8055555555555556
rapid_embracenet_fasca_kd,52,1,mean_15,0.8666666666666667
rapid_embracenet_fasca_kd,52,1,incomplete_14,0.8571428571428571
rapid_embracenet_fasca_kd,52,1,full,1.0
rapid_embracenet_fasca_kd,52,1,single_modality_mean,0.6944444444444444
rapid_embracenet_fasca_kd,52,10,mean_15,0.7851851851851851
rapid_embracenet_fasca_kd,52,10,incomplete_14,0.7698412698412698
rapid_embracenet_fasca_kd,52,10,full,1.0
rapid_embracenet_fasca_kd,52,10,single_modality_mean,0.6111111111111112
rapid_embracenet_fasca_kd,52,15,mean_15,0.888888888888889
rapid_embracenet_fasca_kd,52,15,incomplete_14,0.880952380952381
rapid_embracenet_fasca_kd,52,15,full,1.0
rapid_embracenet_fasca_kd,52,15,single_modality_mean,0.6944444444444444
rapid_embracenet_fasca_kd,52,19,mean_15,0.8666666666666667
rapid_embracenet_fasca_kd,52,19,incomplete_14,0.8571428571428571
rapid_embracenet_fasca_kd,52,19,full,1.0
rapid_embracenet_fasca_kd,52,19,single_modality_mean,0.6944444444444444
rapid_embracenet_fasca_kd,52,36,mean_15,0.737037037037037
rapid_embracenet_fasca_kd,52,36,incomplete_14,0.7182539682539683
rapid_embracenet_fasca_kd,52,36,full,1.0
rapid_embracenet_fasca_kd,52,36,single_modality_mean,0.5694444444444443
rapid_embracenet_fasca_kd,52,39,mean_15,0.8
rapid_embracenet_fasca_kd,52,39,incomplete_14,0.7857142857142857
rapid_embracenet_fasca_kd,52,39,full,1.0
rapid_embracenet_fasca_kd,52,39,single_modality_mean,0.6805555555555555
rapid_embracenet_fasca_kd,52,40,mean_15,0.9111111111111111
rapid_embracenet_fasca_kd,52,40,incomplete_14,0.9047619047619048
rapid_embracenet_fasca_kd,52,40,full,1.0
rapid_embracenet_fasca_kd,52,40,single_modality_mean,0.7777777777777777
rapid_embracenet_fasca_kd,52,43,mean_15,0.5777777777777778
rapid_embracenet_fasca_kd,52,43,incomplete_14,0.5714285714285715
rapid_embracenet_fasca_kd,52,43,full,0.6666666666666666
rapid_embracenet_fasca_kd,52,43,single_modality_mean,0.4444444444444444
rapid_embracenet_fasca_kd,52,48,mean_15,0.8666666666666667
rapid_embracenet_fasca_kd,52,48,incomplete_14,0.8571428571428571
rapid_embracenet_fasca_kd,52,48,full,1.0
rapid_embracenet_fasca_kd,52,48,single_modality_mean,0.6944444444444444
rapid_embracenet_fasca_kd,52,49,mean_15,0.9444444444444445
rapid_embracenet_fasca_kd,52,49,incomplete_14,0.9404761904761906
rapid_embracenet_fasca_kd,52,49,full,1.0
rapid_embracenet_fasca_kd,52,49,single_modality_mean,0.7916666666666666
rapid_embracenet_fasca_kd,52,59,mean_15,0.8962962962962961
rapid_embracenet_fasca_kd,52,59,incomplete_14,0.8888888888888887
rapid_embracenet_fasca_kd,52,59,full,1.0
rapid_embracenet_fasca_kd,52,59,single_modality_mean,0.8055555555555556
rapid_embracenet_fasca_kd,53,1,mean_15,0.888888888888889
rapid_embracenet_fasca_kd,53,1,incomplete_14,0.880952380952381
rapid_embracenet_fasca_kd,53,1,full,1.0
rapid_embracenet_fasca_kd,53,1,single_modality_mean,0.7916666666666666
rapid_embracenet_fasca_kd,53,10,mean_15,0.7259259259259259
rapid_embracenet_fasca_kd,53,10,incomplete_14,0.7063492063492063
rapid_embracenet_fasca_kd,53,10,full,1.0
rapid_embracenet_fasca_kd,53,10,single_modality_mean,0.5
rapid_embracenet_fasca_kd,53,15,mean_15,0.8629629629629629
rapid_embracenet_fasca_kd,53,15,incomplete_14,0.8531746031746031
rapid_embracenet_fasca_kd,53,15,full,1.0
rapid_embracenet_fasca_kd,53,15,single_modality_mean,0.5972222222222222
rapid_embracenet_fasca_kd,53,19,mean_15,0.8444444444444444
rapid_embracenet_fasca_kd,53,19,incomplete_14,0.8333333333333333
rapid_embracenet_fasca_kd,53,19,full,1.0
rapid_embracenet_fasca_kd,53,19,single_modality_mean,0.6111111111111112
rapid_embracenet_fasca_kd,53,36,mean_15,0.8629629629629629
rapid_embracenet_fasca_kd,53,36,incomplete_14,0.8531746031746031
rapid_embracenet_fasca_kd,53,36,full,1.0
rapid_embracenet_fasca_kd,53,36,single_modality_mean,0.6944444444444444
rapid_embracenet_fasca_kd,53,39,mean_15,0.8333333333333334
rapid_embracenet_fasca_kd,53,39,incomplete_14,0.8214285714285714
rapid_embracenet_fasca_kd,53,39,full,1.0
rapid_embracenet_fasca_kd,53,39,single_modality_mean,0.5833333333333333
rapid_embracenet_fasca_kd,53,40,mean_15,0.9407407407407408
rapid_embracenet_fasca_kd,53,40,incomplete_14,0.9365079365079365
rapid_embracenet_fasca_kd,53,40,full,1.0
rapid_embracenet_fasca_kd,53,40,single_modality_mean,0.7777777777777777
rapid_embracenet_fasca_kd,53,43,mean_15,0.6370370370370371
rapid_embracenet_fasca_kd,53,43,incomplete_14,0.634920634920635
rapid_embracenet_fasca_kd,53,43,full,0.6666666666666666
rapid_embracenet_fasca_kd,53,43,single_modality_mean,0.5555555555555556
rapid_embracenet_fasca_kd,53,48,mean_15,0.9111111111111111
rapid_embracenet_fasca_kd,53,48,incomplete_14,0.9047619047619048
rapid_embracenet_fasca_kd,53,48,full,1.0
rapid_embracenet_fasca_kd,53,48,single_modality_mean,0.8333333333333334
rapid_embracenet_fasca_kd,53,49,mean_15,0.8851851851851851
rapid_embracenet_fasca_kd,53,49,incomplete_14,0.8769841269841269
rapid_embracenet_fasca_kd,53,49,full,1.0
rapid_embracenet_fasca_kd,53,49,single_modality_mean,0.6805555555555555
rapid_embracenet_fasca_kd,53,59,mean_15,0.9111111111111111
rapid_embracenet_fasca_kd,53,59,incomplete_14,0.9047619047619048
rapid_embracenet_fasca_kd,53,59,full,1.0
rapid_embracenet_fasca_kd,53,59,single_modality_mean,0.7777777777777777
rapid_embracenet_fasca_kd,51,3,mean_15,0.33333333333333326
rapid_embracenet_fasca_kd,51,3,incomplete_14,0.3333333333333333
rapid_embracenet_fasca_kd,51,3,full,0.3333333333333333
rapid_embracenet_fasca_kd,51,3,single_modality_mean,0.3333333333333333
rapid_embracenet_fasca_kd,51,7,mean_15,0.774074074074074
rapid_embracenet_fasca_kd,51,7,incomplete_14,0.7579365079365079
rapid_embracenet_fasca_kd,51,7,full,1.0
rapid_embracenet_fasca_kd,51,7,single_modality_mean,0.5833333333333333
rapid_embracenet_fasca_kd,51,14,mean_15,0.8111111111111111
rapid_embracenet_fasca_kd,51,14,incomplete_14,0.7976190476190476
rapid_embracenet_fasca_kd,51,14,full,1.0
rapid_embracenet_fasca_kd,51,14,single_modality_mean,0.5972222222222222
rapid_embracenet_fasca_kd,51,16,mean_15,0.9481481481481481
rapid_embracenet_fasca_kd,51,16,incomplete_14,0.9444444444444444
rapid_embracenet_fasca_kd,51,16,full,1.0
rapid_embracenet_fasca_kd,51,16,single_modality_mean,0.8055555555555556
rapid_embracenet_fasca_kd,51,21,mean_15,0.6592592592592593
rapid_embracenet_fasca_kd,51,21,incomplete_14,0.634920634920635
rapid_embracenet_fasca_kd,51,21,full,1.0
rapid_embracenet_fasca_kd,51,21,single_modality_mean,0.5
rapid_embracenet_fasca_kd,51,25,mean_15,0.774074074074074
rapid_embracenet_fasca_kd,51,25,incomplete_14,0.7579365079365079
rapid_embracenet_fasca_kd,51,25,full,1.0
rapid_embracenet_fasca_kd,51,25,single_modality_mean,0.5972222222222222
rapid_embracenet_fasca_kd,51,26,mean_15,0.41851851851851857
rapid_embracenet_fasca_kd,51,26,incomplete_14,0.4325396825396826
rapid_embracenet_fasca_kd,51,26,full,0.2222222222222222
rapid_embracenet_fasca_kd,51,26,single_modality_mean,0.38888888888888895
rapid_embracenet_fasca_kd,51,27,mean_15,0.837037037037037
rapid_embracenet_fasca_kd,51,27,incomplete_14,0.8253968253968254
rapid_embracenet_fasca_kd,51,27,full,1.0
rapid_embracenet_fasca_kd,51,27,single_modality_mean,0.5833333333333333
rapid_embracenet_fasca_kd,51,29,mean_15,0.437037037037037
rapid_embracenet_fasca_kd,51,29,incomplete_14,0.4523809523809524
rapid_embracenet_fasca_kd,51,29,full,0.2222222222222222
rapid_embracenet_fasca_kd,51,29,single_modality_mean,0.5833333333333333
rapid_embracenet_fasca_kd,51,38,mean_15,0.9148148148148149
rapid_embracenet_fasca_kd,51,38,incomplete_14,0.9087301587301588
rapid_embracenet_fasca_kd,51,38,full,1.0
rapid_embracenet_fasca_kd,51,38,single_modality_mean,0.7916666666666666
rapid_embracenet_fasca_kd,51,46,mean_15,0.9407407407407408
rapid_embracenet_fasca_kd,51,46,incomplete_14,0.9365079365079365
rapid_embracenet_fasca_kd,51,46,full,1.0
rapid_embracenet_fasca_kd,51,46,single_modality_mean,0.8888888888888888
rapid_embracenet_fasca_kd,52,3,mean_15,0.33333333333333326
rapid_embracenet_fasca_kd,52,3,incomplete_14,0.3333333333333333
rapid_embracenet_fasca_kd,52,3,full,0.3333333333333333
rapid_embracenet_fasca_kd,52,3,single_modality_mean,0.3333333333333333
rapid_embracenet_fasca_kd,52,7,mean_15,0.8
rapid_embracenet_fasca_kd,52,7,incomplete_14,0.7857142857142857
rapid_embracenet_fasca_kd,52,7,full,1.0
rapid_embracenet_fasca_kd,52,7,single_modality_mean,0.6805555555555555
rapid_embracenet_fasca_kd,52,14,mean_15,0.8666666666666667
rapid_embracenet_fasca_kd,52,14,incomplete_14,0.8571428571428571
rapid_embracenet_fasca_kd,52,14,full,1.0
rapid_embracenet_fasca_kd,52,14,single_modality_mean,0.6944444444444444
rapid_embracenet_fasca_kd,52,16,mean_15,0.888888888888889
rapid_embracenet_fasca_kd,52,16,incomplete_14,0.880952380952381
rapid_embracenet_fasca_kd,52,16,full,1.0
rapid_embracenet_fasca_kd,52,16,single_modality_mean,0.6944444444444444
rapid_embracenet_fasca_kd,52,21,mean_15,0.6555555555555556
rapid_embracenet_fasca_kd,52,21,incomplete_14,0.630952380952381
rapid_embracenet_fasca_kd,52,21,full,1.0
rapid_embracenet_fasca_kd,52,21,single_modality_mean,0.48611111111111116
rapid_embracenet_fasca_kd,52,25,mean_15,0.7703703703703704
rapid_embracenet_fasca_kd,52,25,incomplete_14,0.753968253968254
rapid_embracenet_fasca_kd,52,25,full,1.0
rapid_embracenet_fasca_kd,52,25,single_modality_mean,0.6944444444444444
rapid_embracenet_fasca_kd,52,26,mean_15,0.6037037037037037
rapid_embracenet_fasca_kd,52,26,incomplete_14,0.6071428571428571
rapid_embracenet_fasca_kd,52,26,full,0.5555555555555555
rapid_embracenet_fasca_kd,52,26,single_modality_mean,0.4861111111111111
rapid_embracenet_fasca_kd,52,27,mean_15,0.8592592592592592
rapid_embracenet_fasca_kd,52,27,incomplete_14,0.8492063492063491
rapid_embracenet_fasca_kd,52,27,full,1.0
rapid_embracenet_fasca_kd,52,27,single_modality_mean,0.6805555555555555
rapid_embracenet_fasca_kd,52,29,mean_15,0.5629629629629629
rapid_embracenet_fasca_kd,52,29,incomplete_14,0.5634920634920634
rapid_embracenet_fasca_kd,52,29,full,0.5555555555555555
rapid_embracenet_fasca_kd,52,29,single_modality_mean,0.5833333333333333
rapid_embracenet_fasca_kd,52,38,mean_15,0.8407407407407407
rapid_embracenet_fasca_kd,52,38,incomplete_14,0.8293650793650793
rapid_embracenet_fasca_kd,52,38,full,1.0
rapid_embracenet_fasca_kd,52,38,single_modality_mean,0.5972222222222222
rapid_embracenet_fasca_kd,52,46,mean_15,1.0
rapid_embracenet_fasca_kd,52,46,incomplete_14,1.0
rapid_embracenet_fasca_kd,52,46,full,1.0
rapid_embracenet_fasca_kd,52,46,single_modality_mean,1.0
rapid_embracenet_fasca_kd,53,3,mean_15,0.33333333333333326
rapid_embracenet_fasca_kd,53,3,incomplete_14,0.3333333333333333
rapid_embracenet_fasca_kd,53,3,full,0.3333333333333333
rapid_embracenet_fasca_kd,53,3,single_modality_mean,0.3333333333333333
rapid_embracenet_fasca_kd,53,7,mean_15,0.8333333333333334
rapid_embracenet_fasca_kd,53,7,incomplete_14,0.8214285714285714
rapid_embracenet_fasca_kd,53,7,full,1.0
rapid_embracenet_fasca_kd,53,7,single_modality_mean,0.5833333333333333
rapid_embracenet_fasca_kd,53,14,mean_15,0.7703703703703704
rapid_embracenet_fasca_kd,53,14,incomplete_14,0.753968253968254
rapid_embracenet_fasca_kd,53,14,full,1.0
rapid_embracenet_fasca_kd,53,14,single_modality_mean,0.5555555555555556
rapid_embracenet_fasca_kd,53,16,mean_15,0.9111111111111111
rapid_embracenet_fasca_kd,53,16,incomplete_14,0.9047619047619048
rapid_embracenet_fasca_kd,53,16,full,1.0
rapid_embracenet_fasca_kd,53,16,single_modality_mean,0.7777777777777777
rapid_embracenet_fasca_kd,53,21,mean_15,0.5925925925925927
rapid_embracenet_fasca_kd,53,21,incomplete_14,0.5952380952380952
rapid_embracenet_fasca_kd,53,21,full,0.5555555555555555
rapid_embracenet_fasca_kd,53,21,single_modality_mean,0.48611111111111116
rapid_embracenet_fasca_kd,53,25,mean_15,0.6777777777777776
rapid_embracenet_fasca_kd,53,25,incomplete_14,0.6865079365079364
rapid_embracenet_fasca_kd,53,25,full,0.5555555555555555
rapid_embracenet_fasca_kd,53,25,single_modality_mean,0.5694444444444443
rapid_embracenet_fasca_kd,53,26,mean_15,0.44074074074074077
rapid_embracenet_fasca_kd,53,26,incomplete_14,0.4563492063492064
rapid_embracenet_fasca_kd,53,26,full,0.2222222222222222
rapid_embracenet_fasca_kd,53,26,single_modality_mean,0.38888888888888895
rapid_embracenet_fasca_kd,53,27,mean_15,0.8333333333333334
rapid_embracenet_fasca_kd,53,27,incomplete_14,0.8214285714285714
rapid_embracenet_fasca_kd,53,27,full,1.0
rapid_embracenet_fasca_kd,53,27,single_modality_mean,0.5833333333333333
rapid_embracenet_fasca_kd,53,29,mean_15,0.8222222222222222
rapid_embracenet_fasca_kd,53,29,incomplete_14,0.8095238095238094
rapid_embracenet_fasca_kd,53,29,full,1.0
rapid_embracenet_fasca_kd,53,29,single_modality_mean,0.7777777777777777
rapid_embracenet_fasca_kd,53,38,mean_15,0.8629629629629628
rapid_embracenet_fasca_kd,53,38,incomplete_14,0.853174603174603
rapid_embracenet_fasca_kd,53,38,full,1.0
rapid_embracenet_fasca_kd,53,38,single_modality_mean,0.6805555555555555
rapid_embracenet_fasca_kd,53,46,mean_15,0.9444444444444445
rapid_embracenet_fasca_kd,53,46,incomplete_14,0.9404761904761906
rapid_embracenet_fasca_kd,53,46,full,1.0
rapid_embracenet_fasca_kd,53,46,single_modality_mean,0.7916666666666666
rapid_embracenet_fasca_kd,51,4,mean_15,0.9444444444444445
rapid_embracenet_fasca_kd,51,4,incomplete_14,0.9404761904761906
rapid_embracenet_fasca_kd,51,4,full,1.0
rapid_embracenet_fasca_kd,51,4,single_modality_mean,0.7916666666666666
rapid_embracenet_fasca_kd,51,5,mean_15,0.737037037037037
rapid_embracenet_fasca_kd,51,5,incomplete_14,0.7182539682539683
rapid_embracenet_fasca_kd,51,5,full,1.0
rapid_embracenet_fasca_kd,51,5,single_modality_mean,0.5972222222222222
rapid_embracenet_fasca_kd,51,6,mean_15,0.8333333333333334
rapid_embracenet_fasca_kd,51,6,incomplete_14,0.8214285714285714
rapid_embracenet_fasca_kd,51,6,full,1.0
rapid_embracenet_fasca_kd,51,6,single_modality_mean,0.6805555555555555
rapid_embracenet_fasca_kd,51,9,mean_15,0.9407407407407408
rapid_embracenet_fasca_kd,51,9,incomplete_14,0.9365079365079365
rapid_embracenet_fasca_kd,51,9,full,1.0
rapid_embracenet_fasca_kd,51,9,single_modality_mean,0.8888888888888888
rapid_embracenet_fasca_kd,51,17,mean_15,0.8333333333333334
rapid_embracenet_fasca_kd,51,17,incomplete_14,0.8214285714285714
rapid_embracenet_fasca_kd,51,17,full,1.0
rapid_embracenet_fasca_kd,51,17,single_modality_mean,0.5833333333333333
rapid_embracenet_fasca_kd,51,18,mean_15,0.7703703703703703
rapid_embracenet_fasca_kd,51,18,incomplete_14,0.7539682539682538
rapid_embracenet_fasca_kd,51,18,full,1.0
rapid_embracenet_fasca_kd,51,18,single_modality_mean,0.6666666666666665
rapid_embracenet_fasca_kd,51,32,mean_15,0.6074074074074075
rapid_embracenet_fasca_kd,51,32,incomplete_14,0.6031746031746034
rapid_embracenet_fasca_kd,51,32,full,0.6666666666666666
rapid_embracenet_fasca_kd,51,32,single_modality_mean,0.4444444444444444
rapid_embracenet_fasca_kd,51,33,mean_15,0.8629629629629629
rapid_embracenet_fasca_kd,51,33,incomplete_14,0.8531746031746031
rapid_embracenet_fasca_kd,51,33,full,1.0
rapid_embracenet_fasca_kd,51,33,single_modality_mean,0.5972222222222222
rapid_embracenet_fasca_kd,51,35,mean_15,0.8851851851851851
rapid_embracenet_fasca_kd,51,35,incomplete_14,0.8769841269841269
rapid_embracenet_fasca_kd,51,35,full,1.0
rapid_embracenet_fasca_kd,51,35,single_modality_mean,0.6805555555555555
rapid_embracenet_fasca_kd,51,44,mean_15,0.9444444444444445
rapid_embracenet_fasca_kd,51,44,incomplete_14,0.9404761904761906
rapid_embracenet_fasca_kd,51,44,full,1.0
rapid_embracenet_fasca_kd,51,44,single_modality_mean,0.7916666666666666
rapid_embracenet_fasca_kd,51,53,mean_15,0.8333333333333334
rapid_embracenet_fasca_kd,51,53,incomplete_14,0.8214285714285714
rapid_embracenet_fasca_kd,51,53,full,1.0
rapid_embracenet_fasca_kd,51,53,single_modality_mean,0.5833333333333333
rapid_embracenet_fasca_kd,52,4,mean_15,0.9407407407407408
rapid_embracenet_fasca_kd,52,4,incomplete_14,0.9365079365079365
rapid_embracenet_fasca_kd,52,4,full,1.0
rapid_embracenet_fasca_kd,52,4,single_modality_mean,0.8888888888888888
rapid_embracenet_fasca_kd,52,5,mean_15,0.9444444444444445
rapid_embracenet_fasca_kd,52,5,incomplete_14,0.9404761904761906
rapid_embracenet_fasca_kd,52,5,full,1.0
rapid_embracenet_fasca_kd,52,5,single_modality_mean,0.7916666666666666
rapid_embracenet_fasca_kd,52,6,mean_15,0.725925925925926
rapid_embracenet_fasca_kd,52,6,incomplete_14,0.7063492063492064
rapid_embracenet_fasca_kd,52,6,full,1.0
rapid_embracenet_fasca_kd,52,6,single_modality_mean,0.5
rapid_embracenet_fasca_kd,52,9,mean_15,0.888888888888889
rapid_embracenet_fasca_kd,52,9,incomplete_14,0.880952380952381
rapid_embracenet_fasca_kd,52,9,full,1.0
rapid_embracenet_fasca_kd,52,9,single_modality_mean,0.6944444444444444
rapid_embracenet_fasca_kd,52,17,mean_15,0.874074074074074
rapid_embracenet_fasca_kd,52,17,incomplete_14,0.865079365079365
rapid_embracenet_fasca_kd,52,17,full,1.0
rapid_embracenet_fasca_kd,52,17,single_modality_mean,0.6388888888888888
rapid_embracenet_fasca_kd,52,18,mean_15,0.9444444444444445
rapid_embracenet_fasca_kd,52,18,incomplete_14,0.9404761904761906
rapid_embracenet_fasca_kd,52,18,full,1.0
rapid_embracenet_fasca_kd,52,18,single_modality_mean,0.7916666666666666
rapid_embracenet_fasca_kd,52,32,mean_15,0.6666666666666665
rapid_embracenet_fasca_kd,52,32,incomplete_14,0.6666666666666666
rapid_embracenet_fasca_kd,52,32,full,0.6666666666666666
rapid_embracenet_fasca_kd,52,32,single_modality_mean,0.6666666666666666
rapid_embracenet_fasca_kd,52,33,mean_15,0.8444444444444444
rapid_embracenet_fasca_kd,52,33,incomplete_14,0.8333333333333333
rapid_embracenet_fasca_kd,52,33,full,1.0
rapid_embracenet_fasca_kd,52,33,single_modality_mean,0.6111111111111112
rapid_embracenet_fasca_kd,52,35,mean_15,0.8925925925925926
rapid_embracenet_fasca_kd,52,35,incomplete_14,0.884920634920635
rapid_embracenet_fasca_kd,52,35,full,1.0
rapid_embracenet_fasca_kd,52,35,single_modality_mean,0.7916666666666666
rapid_embracenet_fasca_kd,52,44,mean_15,0.9148148148148149
rapid_embracenet_fasca_kd,52,44,incomplete_14,0.9087301587301588
rapid_embracenet_fasca_kd,52,44,full,1.0
rapid_embracenet_fasca_kd,52,44,single_modality_mean,0.7916666666666666
rapid_embracenet_fasca_kd,52,53,mean_15,0.8407407407407407
rapid_embracenet_fasca_kd,52,53,incomplete_14,0.8293650793650793
rapid_embracenet_fasca_kd,52,53,full,1.0
rapid_embracenet_fasca_kd,52,53,single_modality_mean,0.5972222222222222
rapid_embracenet_fasca_kd,53,4,mean_15,0.8518518518518517
rapid_embracenet_fasca_kd,53,4,incomplete_14,0.8412698412698412
rapid_embracenet_fasca_kd,53,4,full,1.0
rapid_embracenet_fasca_kd,53,4,single_modality_mean,0.7777777777777777
rapid_embracenet_fasca_kd,53,5,mean_15,0.725925925925926
rapid_embracenet_fasca_kd,53,5,incomplete_14,0.7063492063492064
rapid_embracenet_fasca_kd,53,5,full,1.0
rapid_embracenet_fasca_kd,53,5,single_modality_mean,0.5833333333333334
rapid_embracenet_fasca_kd,53,6,mean_15,0.7407407407407407
rapid_embracenet_fasca_kd,53,6,incomplete_14,0.7222222222222222
rapid_embracenet_fasca_kd,53,6,full,1.0
rapid_embracenet_fasca_kd,53,6,single_modality_mean,0.5833333333333333
rapid_embracenet_fasca_kd,53,9,mean_15,0.9703703703703703
rapid_embracenet_fasca_kd,53,9,incomplete_14,0.9682539682539683
rapid_embracenet_fasca_kd,53,9,full,1.0
rapid_embracenet_fasca_kd,53,9,single_modality_mean,0.8888888888888888
rapid_embracenet_fasca_kd,53,17,mean_15,0.7037037037037037
rapid_embracenet_fasca_kd,53,17,incomplete_14,0.6825396825396826
rapid_embracenet_fasca_kd,53,17,full,1.0
rapid_embracenet_fasca_kd,53,17,single_modality_mean,0.4305555555555555
rapid_embracenet_fasca_kd,53,18,mean_15,0.8851851851851851
rapid_embracenet_fasca_kd,53,18,incomplete_14,0.8769841269841269
rapid_embracenet_fasca_kd,53,18,full,1.0
rapid_embracenet_fasca_kd,53,18,single_modality_mean,0.6805555555555555
rapid_embracenet_fasca_kd,53,32,mean_15,0.5777777777777778
rapid_embracenet_fasca_kd,53,32,incomplete_14,0.5714285714285715
rapid_embracenet_fasca_kd,53,32,full,0.6666666666666666
rapid_embracenet_fasca_kd,53,32,single_modality_mean,0.4444444444444444
rapid_embracenet_fasca_kd,53,33,mean_15,0.8629629629629629
rapid_embracenet_fasca_kd,53,33,incomplete_14,0.8531746031746031
rapid_embracenet_fasca_kd,53,33,full,1.0
rapid_embracenet_fasca_kd,53,33,single_modality_mean,0.5972222222222222
rapid_embracenet_fasca_kd,53,35,mean_15,0.8851851851851851
rapid_embracenet_fasca_kd,53,35,incomplete_14,0.8769841269841269
rapid_embracenet_fasca_kd,53,35,full,1.0
rapid_embracenet_fasca_kd,53,35,single_modality_mean,0.6805555555555555
rapid_embracenet_fasca_kd,53,44,mean_15,0.9148148148148147
rapid_embracenet_fasca_kd,53,44,incomplete_14,0.9087301587301587
rapid_embracenet_fasca_kd,53,44,full,1.0
rapid_embracenet_fasca_kd,53,44,single_modality_mean,0.6805555555555555
rapid_embracenet_fasca_kd,53,53,mean_15,0.8629629629629628
rapid_embracenet_fasca_kd,53,53,incomplete_14,0.853174603174603
rapid_embracenet_fasca_kd,53,53,full,1.0
rapid_embracenet_fasca_kd,53,53,single_modality_mean,0.6805555555555555
rapid_embracenet_fasca_kd,51,20,mean_15,0.9444444444444445
rapid_embracenet_fasca_kd,51,20,incomplete_14,0.9404761904761906
rapid_embracenet_fasca_kd,51,20,full,1.0
rapid_embracenet_fasca_kd,51,20,single_modality_mean,0.7916666666666666
rapid_embracenet_fasca_kd,51,22,mean_15,0.9111111111111111
rapid_embracenet_fasca_kd,51,22,incomplete_14,0.9047619047619048
rapid_embracenet_fasca_kd,51,22,full,1.0
rapid_embracenet_fasca_kd,51,22,single_modality_mean,0.7777777777777777
rapid_embracenet_fasca_kd,51,23,mean_15,0.9111111111111111
rapid_embracenet_fasca_kd,51,23,incomplete_14,0.9047619047619048
rapid_embracenet_fasca_kd,51,23,full,1.0
rapid_embracenet_fasca_kd,51,23,single_modality_mean,0.7777777777777777
rapid_embracenet_fasca_kd,51,28,mean_15,0.9111111111111111
rapid_embracenet_fasca_kd,51,28,incomplete_14,0.9047619047619048
rapid_embracenet_fasca_kd,51,28,full,1.0
rapid_embracenet_fasca_kd,51,28,single_modality_mean,0.7777777777777777
rapid_embracenet_fasca_kd,51,34,mean_15,0.9111111111111111
rapid_embracenet_fasca_kd,51,34,incomplete_14,0.9047619047619048
rapid_embracenet_fasca_kd,51,34,full,1.0
rapid_embracenet_fasca_kd,51,34,single_modality_mean,0.7777777777777777
rapid_embracenet_fasca_kd,51,41,mean_15,0.9111111111111111
rapid_embracenet_fasca_kd,51,41,incomplete_14,0.9047619047619048
rapid_embracenet_fasca_kd,51,41,full,1.0
rapid_embracenet_fasca_kd,51,41,single_modality_mean,0.7777777777777777
rapid_embracenet_fasca_kd,51,42,mean_15,0.7814814814814814
rapid_embracenet_fasca_kd,51,42,incomplete_14,0.7658730158730158
rapid_embracenet_fasca_kd,51,42,full,1.0
rapid_embracenet_fasca_kd,51,42,single_modality_mean,0.5972222222222222
rapid_embracenet_fasca_kd,51,45,mean_15,0.6074074074074075
rapid_embracenet_fasca_kd,51,45,incomplete_14,0.6031746031746034
rapid_embracenet_fasca_kd,51,45,full,0.6666666666666666
rapid_embracenet_fasca_kd,51,45,single_modality_mean,0.5555555555555556
rapid_embracenet_fasca_kd,51,51,mean_15,0.9703703703703703
rapid_embracenet_fasca_kd,51,51,incomplete_14,0.9682539682539683
rapid_embracenet_fasca_kd,51,51,full,1.0
rapid_embracenet_fasca_kd,51,51,single_modality_mean,0.8888888888888888
rapid_embracenet_fasca_kd,51,54,mean_15,0.8962962962962961
rapid_embracenet_fasca_kd,51,54,incomplete_14,0.8888888888888887
rapid_embracenet_fasca_kd,51,54,full,1.0
rapid_embracenet_fasca_kd,51,54,single_modality_mean,0.8055555555555556
rapid_embracenet_fasca_kd,51,56,mean_15,0.6777777777777778
rapid_embracenet_fasca_kd,51,56,incomplete_14,0.6547619047619049
rapid_embracenet_fasca_kd,51,56,full,1.0
rapid_embracenet_fasca_kd,51,56,single_modality_mean,0.40277777777777785
rapid_embracenet_fasca_kd,52,20,mean_15,0.9111111111111111
rapid_embracenet_fasca_kd,52,20,incomplete_14,0.9047619047619048
rapid_embracenet_fasca_kd,52,20,full,1.0
rapid_embracenet_fasca_kd,52,20,single_modality_mean,0.7777777777777777
rapid_embracenet_fasca_kd,52,22,mean_15,0.8629629629629628
rapid_embracenet_fasca_kd,52,22,incomplete_14,0.853174603174603
rapid_embracenet_fasca_kd,52,22,full,1.0
rapid_embracenet_fasca_kd,52,22,single_modality_mean,0.6805555555555555
rapid_embracenet_fasca_kd,52,23,mean_15,1.0
rapid_embracenet_fasca_kd,52,23,incomplete_14,1.0
rapid_embracenet_fasca_kd,52,23,full,1.0
rapid_embracenet_fasca_kd,52,23,single_modality_mean,1.0
rapid_embracenet_fasca_kd,52,28,mean_15,0.888888888888889
rapid_embracenet_fasca_kd,52,28,incomplete_14,0.880952380952381
rapid_embracenet_fasca_kd,52,28,full,1.0
rapid_embracenet_fasca_kd,52,28,single_modality_mean,0.6944444444444444
rapid_embracenet_fasca_kd,52,34,mean_15,1.0
rapid_embracenet_fasca_kd,52,34,incomplete_14,1.0
rapid_embracenet_fasca_kd,52,34,full,1.0
rapid_embracenet_fasca_kd,52,34,single_modality_mean,1.0
rapid_embracenet_fasca_kd,52,41,mean_15,0.8444444444444444
rapid_embracenet_fasca_kd,52,41,incomplete_14,0.8333333333333333
rapid_embracenet_fasca_kd,52,41,full,1.0
rapid_embracenet_fasca_kd,52,41,single_modality_mean,0.6111111111111112
rapid_embracenet_fasca_kd,52,42,mean_15,0.8407407407407407
rapid_embracenet_fasca_kd,52,42,incomplete_14,0.8293650793650793
rapid_embracenet_fasca_kd,52,42,full,1.0
rapid_embracenet_fasca_kd,52,42,single_modality_mean,0.5972222222222222
rapid_embracenet_fasca_kd,52,45,mean_15,0.6666666666666665
rapid_embracenet_fasca_kd,52,45,incomplete_14,0.6666666666666666
rapid_embracenet_fasca_kd,52,45,full,0.6666666666666666
rapid_embracenet_fasca_kd,52,45,single_modality_mean,0.6666666666666666
rapid_embracenet_fasca_kd,52,51,mean_15,0.9407407407407408
rapid_embracenet_fasca_kd,52,51,incomplete_14,0.9365079365079365
rapid_embracenet_fasca_kd,52,51,full,1.0
rapid_embracenet_fasca_kd,52,51,single_modality_mean,0.8888888888888888
rapid_embracenet_fasca_kd,52,54,mean_15,0.9481481481481481
rapid_embracenet_fasca_kd,52,54,incomplete_14,0.9444444444444444
rapid_embracenet_fasca_kd,52,54,full,1.0
rapid_embracenet_fasca_kd,52,54,single_modality_mean,0.8055555555555556
rapid_embracenet_fasca_kd,52,56,mean_15,0.6777777777777778
rapid_embracenet_fasca_kd,52,56,incomplete_14,0.6547619047619049
rapid_embracenet_fasca_kd,52,56,full,1.0
rapid_embracenet_fasca_kd,52,56,single_modality_mean,0.40277777777777785
rapid_embracenet_fasca_kd,53,20,mean_15,0.9444444444444445
rapid_embracenet_fasca_kd,53,20,incomplete_14,0.9404761904761906
rapid_embracenet_fasca_kd,53,20,full,1.0
rapid_embracenet_fasca_kd,53,20,single_modality_mean,0.7916666666666666
rapid_embracenet_fasca_kd,53,22,mean_15,0.8629629629629628
rapid_embracenet_fasca_kd,53,22,incomplete_14,0.853174603174603
rapid_embracenet_fasca_kd,53,22,full,1.0
rapid_embracenet_fasca_kd,53,22,single_modality_mean,0.6805555555555555
rapid_embracenet_fasca_kd,53,23,mean_15,0.9407407407407408
rapid_embracenet_fasca_kd,53,23,incomplete_14,0.9365079365079365
rapid_embracenet_fasca_kd,53,23,full,1.0
rapid_embracenet_fasca_kd,53,23,single_modality_mean,0.8888888888888888
rapid_embracenet_fasca_kd,53,28,mean_15,0.8666666666666667
rapid_embracenet_fasca_kd,53,28,incomplete_14,0.8571428571428571
rapid_embracenet_fasca_kd,53,28,full,1.0
rapid_embracenet_fasca_kd,53,28,single_modality_mean,0.6944444444444444
rapid_embracenet_fasca_kd,53,34,mean_15,0.8444444444444444
rapid_embracenet_fasca_kd,53,34,incomplete_14,0.8333333333333333
rapid_embracenet_fasca_kd,53,34,full,1.0
rapid_embracenet_fasca_kd,53,34,single_modality_mean,0.6111111111111112
rapid_embracenet_fasca_kd,53,41,mean_15,0.9111111111111111
rapid_embracenet_fasca_kd,53,41,incomplete_14,0.9047619047619048
rapid_embracenet_fasca_kd,53,41,full,1.0
rapid_embracenet_fasca_kd,53,41,single_modality_mean,0.7777777777777777
rapid_embracenet_fasca_kd,53,42,mean_15,0.7777777777777778
rapid_embracenet_fasca_kd,53,42,incomplete_14,0.7619047619047619
rapid_embracenet_fasca_kd,53,42,full,1.0
rapid_embracenet_fasca_kd,53,42,single_modality_mean,0.5972222222222222
rapid_embracenet_fasca_kd,53,45,mean_15,0.5777777777777778
rapid_embracenet_fasca_kd,53,45,incomplete_14,0.5714285714285715
rapid_embracenet_fasca_kd,53,45,full,0.6666666666666666
rapid_embracenet_fasca_kd,53,45,single_modality_mean,0.4444444444444444
rapid_embracenet_fasca_kd,53,51,mean_15,0.9703703703703703
rapid_embracenet_fasca_kd,53,51,incomplete_14,0.9682539682539683
rapid_embracenet_fasca_kd,53,51,full,1.0
rapid_embracenet_fasca_kd,53,51,single_modality_mean,0.8888888888888888
rapid_embracenet_fasca_kd,53,54,mean_15,0.8444444444444444
rapid_embracenet_fasca_kd,53,54,incomplete_14,0.8333333333333333
rapid_embracenet_fasca_kd,53,54,full,1.0
rapid_embracenet_fasca_kd,53,54,single_modality_mean,0.6111111111111112
rapid_embracenet_fasca_kd,53,56,mean_15,0.7592592592592593
rapid_embracenet_fasca_kd,53,56,incomplete_14,0.7420634920634921
rapid_embracenet_fasca_kd,53,56,full,1.0
rapid_embracenet_fasca_kd,53,56,single_modality_mean,0.4861111111111111
rapid_embracenet_fasca_kd,51,8,mean_15,0.2666666666666667
rapid_embracenet_fasca_kd,51,8,incomplete_14,0.261904761904762
rapid_embracenet_fasca_kd,51,8,full,0.3333333333333333
rapid_embracenet_fasca_kd,51,8,single_modality_mean,0.16666666666666666
rapid_embracenet_fasca_kd,51,11,mean_15,0.5777777777777778
rapid_embracenet_fasca_kd,51,11,incomplete_14,0.5714285714285715
rapid_embracenet_fasca_kd,51,11,full,0.6666666666666666
rapid_embracenet_fasca_kd,51,11,single_modality_mean,0.4444444444444444
rapid_embracenet_fasca_kd,51,12,mean_15,0.837037037037037
rapid_embracenet_fasca_kd,51,12,incomplete_14,0.8253968253968254
rapid_embracenet_fasca_kd,51,12,full,1.0
rapid_embracenet_fasca_kd,51,12,single_modality_mean,0.5972222222222222
rapid_embracenet_fasca_kd,51,13,mean_15,0.8555555555555555
rapid_embracenet_fasca_kd,51,13,incomplete_14,0.8452380952380951
rapid_embracenet_fasca_kd,51,13,full,1.0
rapid_embracenet_fasca_kd,51,13,single_modality_mean,0.5694444444444443
rapid_embracenet_fasca_kd,51,30,mean_15,0.7925925925925925
rapid_embracenet_fasca_kd,51,30,incomplete_14,0.7777777777777777
rapid_embracenet_fasca_kd,51,30,full,1.0
rapid_embracenet_fasca_kd,51,30,single_modality_mean,0.6666666666666665
rapid_embracenet_fasca_kd,51,31,mean_15,0.8518518518518517
rapid_embracenet_fasca_kd,51,31,incomplete_14,0.8412698412698412
rapid_embracenet_fasca_kd,51,31,full,1.0
rapid_embracenet_fasca_kd,51,31,single_modality_mean,0.638888888888889
rapid_embracenet_fasca_kd,51,37,mean_15,0.9444444444444445
rapid_embracenet_fasca_kd,51,37,incomplete_14,0.9404761904761906
rapid_embracenet_fasca_kd,51,37,full,1.0
rapid_embracenet_fasca_kd,51,37,single_modality_mean,0.7916666666666666
rapid_embracenet_fasca_kd,51,52,mean_15,0.8444444444444444
rapid_embracenet_fasca_kd,51,52,incomplete_14,0.8333333333333333
rapid_embracenet_fasca_kd,51,52,full,1.0
rapid_embracenet_fasca_kd,51,52,single_modality_mean,0.6111111111111112
rapid_embracenet_fasca_kd,51,55,mean_15,0.6814814814814815
rapid_embracenet_fasca_kd,51,55,incomplete_14,0.6587301587301587
rapid_embracenet_fasca_kd,51,55,full,1.0
rapid_embracenet_fasca_kd,51,55,single_modality_mean,0.5
rapid_embracenet_fasca_kd,51,57,mean_15,0.8333333333333334
rapid_embracenet_fasca_kd,51,57,incomplete_14,0.8214285714285714
rapid_embracenet_fasca_kd,51,57,full,1.0
rapid_embracenet_fasca_kd,51,57,single_modality_mean,0.5972222222222222
rapid_embracenet_fasca_kd,51,58,mean_15,0.9111111111111111
rapid_embracenet_fasca_kd,51,58,incomplete_14,0.9047619047619048
rapid_embracenet_fasca_kd,51,58,full,1.0
rapid_embracenet_fasca_kd,51,58,single_modality_mean,0.7777777777777777
rapid_embracenet_fasca_kd,52,8,mean_15,0.2666666666666667
rapid_embracenet_fasca_kd,52,8,incomplete_14,0.261904761904762
rapid_embracenet_fasca_kd,52,8,full,0.3333333333333333
rapid_embracenet_fasca_kd,52,8,single_modality_mean,0.16666666666666666
rapid_embracenet_fasca_kd,52,11,mean_15,0.5777777777777778
rapid_embracenet_fasca_kd,52,11,incomplete_14,0.5714285714285715
rapid_embracenet_fasca_kd,52,11,full,0.6666666666666666
rapid_embracenet_fasca_kd,52,11,single_modality_mean,0.4444444444444444
rapid_embracenet_fasca_kd,52,12,mean_15,0.8333333333333334
rapid_embracenet_fasca_kd,52,12,incomplete_14,0.8214285714285714
rapid_embracenet_fasca_kd,52,12,full,1.0
rapid_embracenet_fasca_kd,52,12,single_modality_mean,0.5833333333333333
rapid_embracenet_fasca_kd,52,13,mean_15,0.9148148148148147
rapid_embracenet_fasca_kd,52,13,incomplete_14,0.9087301587301587
rapid_embracenet_fasca_kd,52,13,full,1.0
rapid_embracenet_fasca_kd,52,13,single_modality_mean,0.6805555555555555
rapid_embracenet_fasca_kd,52,30,mean_15,0.9407407407407408
rapid_embracenet_fasca_kd,52,30,incomplete_14,0.9365079365079365
rapid_embracenet_fasca_kd,52,30,full,1.0
rapid_embracenet_fasca_kd,52,30,single_modality_mean,0.8888888888888888
rapid_embracenet_fasca_kd,52,31,mean_15,0.874074074074074
rapid_embracenet_fasca_kd,52,31,incomplete_14,0.865079365079365
rapid_embracenet_fasca_kd,52,31,full,1.0
rapid_embracenet_fasca_kd,52,31,single_modality_mean,0.7222222222222222
rapid_embracenet_fasca_kd,52,37,mean_15,0.9444444444444445
rapid_embracenet_fasca_kd,52,37,incomplete_14,0.9404761904761906
rapid_embracenet_fasca_kd,52,37,full,1.0
rapid_embracenet_fasca_kd,52,37,single_modality_mean,0.7916666666666666
rapid_embracenet_fasca_kd,52,52,mean_15,0.9111111111111111
rapid_embracenet_fasca_kd,52,52,incomplete_14,0.9047619047619048
rapid_embracenet_fasca_kd,52,52,full,1.0
rapid_embracenet_fasca_kd,52,52,single_modality_mean,0.7777777777777777
rapid_embracenet_fasca_kd,52,55,mean_15,0.5925925925925924
rapid_embracenet_fasca_kd,52,55,incomplete_14,0.5952380952380951
rapid_embracenet_fasca_kd,52,55,full,0.5555555555555555
rapid_embracenet_fasca_kd,52,55,single_modality_mean,0.5833333333333333
rapid_embracenet_fasca_kd,52,57,mean_15,0.8444444444444444
rapid_embracenet_fasca_kd,52,57,incomplete_14,0.8333333333333333
rapid_embracenet_fasca_kd,52,57,full,1.0
rapid_embracenet_fasca_kd,52,57,single_modality_mean,0.6111111111111112
rapid_embracenet_fasca_kd,52,58,mean_15,0.8962962962962961
rapid_embracenet_fasca_kd,52,58,incomplete_14,0.8888888888888887
rapid_embracenet_fasca_kd,52,58,full,1.0
rapid_embracenet_fasca_kd,52,58,single_modality_mean,0.8055555555555556
rapid_embracenet_fasca_kd,53,8,mean_15,0.2666666666666667
rapid_embracenet_fasca_kd,53,8,incomplete_14,0.261904761904762
rapid_embracenet_fasca_kd,53,8,full,0.3333333333333333
rapid_embracenet_fasca_kd,53,8,single_modality_mean,0.16666666666666666
rapid_embracenet_fasca_kd,53,11,mean_15,0.5777777777777778
rapid_embracenet_fasca_kd,53,11,incomplete_14,0.5714285714285715
rapid_embracenet_fasca_kd,53,11,full,0.6666666666666666
rapid_embracenet_fasca_kd,53,11,single_modality_mean,0.4444444444444444
rapid_embracenet_fasca_kd,53,12,mean_15,0.8592592592592592
rapid_embracenet_fasca_kd,53,12,incomplete_14,0.8492063492063491
rapid_embracenet_fasca_kd,53,12,full,1.0
rapid_embracenet_fasca_kd,53,12,single_modality_mean,0.6805555555555555
rapid_embracenet_fasca_kd,53,13,mean_15,0.9148148148148147
rapid_embracenet_fasca_kd,53,13,incomplete_14,0.9087301587301587
rapid_embracenet_fasca_kd,53,13,full,1.0
rapid_embracenet_fasca_kd,53,13,single_modality_mean,0.6805555555555555
rapid_embracenet_fasca_kd,53,30,mean_15,0.8851851851851851
rapid_embracenet_fasca_kd,53,30,incomplete_14,0.8769841269841269
rapid_embracenet_fasca_kd,53,30,full,1.0
rapid_embracenet_fasca_kd,53,30,single_modality_mean,0.6805555555555555
rapid_embracenet_fasca_kd,53,31,mean_15,0.874074074074074
rapid_embracenet_fasca_kd,53,31,incomplete_14,0.865079365079365
rapid_embracenet_fasca_kd,53,31,full,1.0
rapid_embracenet_fasca_kd,53,31,single_modality_mean,0.6388888888888888
rapid_embracenet_fasca_kd,53,37,mean_15,0.8259259259259258
rapid_embracenet_fasca_kd,53,37,incomplete_14,0.8134920634920634
rapid_embracenet_fasca_kd,53,37,full,1.0
rapid_embracenet_fasca_kd,53,37,single_modality_mean,0.6805555555555555
rapid_embracenet_fasca_kd,53,52,mean_15,0.8444444444444444
rapid_embracenet_fasca_kd,53,52,incomplete_14,0.8333333333333333
rapid_embracenet_fasca_kd,53,52,full,1.0
rapid_embracenet_fasca_kd,53,52,single_modality_mean,0.6111111111111112
rapid_embracenet_fasca_kd,53,55,mean_15,0.7851851851851851
rapid_embracenet_fasca_kd,53,55,incomplete_14,0.7698412698412698
rapid_embracenet_fasca_kd,53,55,full,1.0
rapid_embracenet_fasca_kd,53,55,single_modality_mean,0.6944444444444444
rapid_embracenet_fasca_kd,53,57,mean_15,0.8111111111111111
rapid_embracenet_fasca_kd,53,57,incomplete_14,0.7976190476190476
rapid_embracenet_fasca_kd,53,57,full,1.0
rapid_embracenet_fasca_kd,53,57,single_modality_mean,0.5972222222222222
rapid_embracenet_fasca_kd,53,58,mean_15,0.9111111111111111
rapid_embracenet_fasca_kd,53,58,incomplete_14,0.9047619047619048
rapid_embracenet_fasca_kd,53,58,full,1.0
rapid_embracenet_fasca_kd,53,58,single_modality_mean,0.7777777777777777
