level,fold,seed,scenario,target,trial_macro_f1,predicted_target_quality
fold,1,51,clean,none,1.0,
fold,1,51,noise_10db,eeg,1.0,
fold,1,51,noise_10db,emg,1.0,
fold,1,51,noise_10db,imu,1.0,
fold,1,51,noise_10db,fp,0.9379509379509378,
fold,1,51,noise_10db,eeg+emg+imu+fp,0.9379509379509378,
fold,1,51,channel_dropout_30,eeg,1.0,
fold,1,51,channel_dropout_30,emg,0.9679633867276888,
fold,1,51,channel_dropout_30,imu,0.8355072463768116,
fold,1,51,channel_dropout_30,fp,0.8722696068233825,
fold,1,51,channel_dropout_30,eeg+emg+imu+fp,0.6756453423120089,
fold,1,51,structured_dropout_30,eeg,1.0,
fold,1,51,structured_dropout_30,emg,0.9679633867276888,
fold,1,51,structured_dropout_30,imu,0.8355072463768116,
fold,1,51,structured_dropout_30,fp,0.9363636363636364,
fold,1,51,structured_dropout_30,eeg+emg+imu+fp,0.7361575622445188,
fold,1,51,packet_loss_30,eeg,1.0,
fold,1,51,packet_loss_30,emg,1.0,
fold,1,51,packet_loss_30,imu,0.9376603564246584,
fold,1,51,packet_loss_30,fp,0.9682539682539683,
fold,1,51,packet_loss_30,eeg+emg+imu+fp,0.9376603564246584,
fold,1,51,shift_250ms,eeg,1.0,
fold,1,51,shift_250ms,emg,1.0,
fold,1,51,shift_250ms,imu,0.9679633867276888,
fold,1,51,shift_250ms,fp,1.0,
fold,1,51,shift_250ms,eeg+emg+imu+fp,0.9679633867276888,
fold,1,51,gain_1.5,eeg,1.0,
fold,1,51,gain_1.5,emg,1.0,
fold,1,51,gain_1.5,imu,0.7786324786324786,
fold,1,51,gain_1.5,fp,0.9682539682539683,
fold,1,51,gain_1.5,eeg+emg+imu+fp,0.4317460317460317,
fold,1,52,clean,none,1.0,
fold,1,52,noise_10db,eeg,1.0,
fold,1,52,noise_10db,emg,1.0,
fold,1,52,noise_10db,imu,1.0,
fold,1,52,noise_10db,fp,1.0,
fold,1,52,noise_10db,eeg+emg+imu+fp,1.0,
fold,1,52,channel_dropout_30,eeg,1.0,
fold,1,52,channel_dropout_30,emg,0.9696342305037957,
fold,1,52,channel_dropout_30,imu,0.9073684210526315,
fold,1,52,channel_dropout_30,fp,0.9388888888888888,
fold,1,52,channel_dropout_30,eeg+emg+imu+fp,0.6038961038961038,
fold,1,52,structured_dropout_30,eeg,1.0,
fold,1,52,structured_dropout_30,emg,0.9696342305037957,
fold,1,52,structured_dropout_30,imu,0.9376603564246584,
fold,1,52,structured_dropout_30,fp,0.9696342305037957,
fold,1,52,structured_dropout_30,eeg+emg+imu+fp,0.6785714285714285,
fold,1,52,packet_loss_30,eeg,1.0,
fold,1,52,packet_loss_30,emg,1.0,
fold,1,52,packet_loss_30,imu,0.9696342305037957,
fold,1,52,packet_loss_30,fp,1.0,
fold,1,52,packet_loss_30,eeg+emg+imu+fp,0.9696342305037957,
fold,1,52,shift_250ms,eeg,1.0,
fold,1,52,shift_250ms,emg,1.0,
fold,1,52,shift_250ms,imu,0.9696342305037957,
fold,1,52,shift_250ms,fp,1.0,
fold,1,52,shift_250ms,eeg+emg+imu+fp,1.0,
fold,1,52,gain_1.5,eeg,1.0,
fold,1,52,gain_1.5,emg,1.0,
fold,1,52,gain_1.5,imu,0.7047619047619048,
fold,1,52,gain_1.5,fp,1.0,
fold,1,52,gain_1.5,eeg+emg+imu+fp,0.6756597375792422,
fold,1,53,clean,none,1.0,
fold,1,53,noise_10db,eeg,1.0,
fold,1,53,noise_10db,emg,1.0,
fold,1,53,noise_10db,imu,1.0,
fold,1,53,noise_10db,fp,0.9696342305037957,
fold,1,53,noise_10db,eeg+emg+imu+fp,0.9696342305037957,
fold,1,53,channel_dropout_30,eeg,1.0,
fold,1,53,channel_dropout_30,emg,1.0,
fold,1,53,channel_dropout_30,imu,0.8116809116809116,
fold,1,53,channel_dropout_30,fp,0.9048821548821548,
fold,1,53,channel_dropout_30,eeg+emg+imu+fp,0.5349206349206349,
fold,1,53,structured_dropout_30,eeg,1.0,
fold,1,53,structured_dropout_30,emg,1.0,
fold,1,53,structured_dropout_30,imu,0.9049919484702094,
fold,1,53,structured_dropout_30,fp,1.0,
fold,1,53,structured_dropout_30,eeg+emg+imu+fp,0.6359941722260563,
fold,1,53,packet_loss_30,eeg,1.0,
fold,1,53,packet_loss_30,emg,1.0,
fold,1,53,packet_loss_30,imu,1.0,
fold,1,53,packet_loss_30,fp,1.0,
fold,1,53,packet_loss_30,eeg+emg+imu+fp,0.9696342305037957,
fold,1,53,shift_250ms,eeg,1.0,
fold,1,53,shift_250ms,emg,1.0,
fold,1,53,shift_250ms,imu,1.0,
fold,1,53,shift_250ms,fp,1.0,
fold,1,53,shift_250ms,eeg+emg+imu+fp,1.0,
fold,1,53,gain_1.5,eeg,1.0,
fold,1,53,gain_1.5,emg,1.0,
fold,1,53,gain_1.5,imu,0.7699490052431228,
fold,1,53,gain_1.5,fp,0.9696342305037957,
fold,1,53,gain_1.5,eeg+emg+imu+fp,0.5434815486993346,
fold,2,51,clean,none,0.8685185185185186,
fold,2,51,noise_10db,eeg,0.8685185185185186,
fold,2,51,noise_10db,emg,0.8685185185185186,
fold,2,51,noise_10db,imu,0.872053872053872,
fold,2,51,noise_10db,fp,0.872053872053872,
fold,2,51,noise_10db,eeg+emg+imu+fp,0.903030303030303,
fold,2,51,channel_dropout_30,eeg,0.8685185185185186,
fold,2,51,channel_dropout_30,emg,0.8685185185185186,
fold,2,51,channel_dropout_30,imu,0.7264957264957265,
fold,2,51,channel_dropout_30,fp,0.8685185185185186,
fold,2,51,channel_dropout_30,eeg+emg+imu+fp,0.6098104793756968,
fold,2,51,structured_dropout_30,eeg,0.8685185185185186,
fold,2,51,structured_dropout_30,emg,0.8685185185185186,
fold,2,51,structured_dropout_30,imu,0.692783996189569,
fold,2,51,structured_dropout_30,fp,0.9008511617207269,
fold,2,51,structured_dropout_30,eeg+emg+imu+fp,0.5598290598290598,
fold,2,51,packet_loss_30,eeg,0.8685185185185186,
fold,2,51,packet_loss_30,emg,0.8685185185185186,
fold,2,51,packet_loss_30,imu,0.8318713450292398,
fold,2,51,packet_loss_30,fp,0.8685185185185186,
fold,2,51,packet_loss_30,eeg+emg+imu+fp,0.8005698005698005,
fold,2,51,shift_250ms,eeg,0.8685185185185186,
fold,2,51,shift_250ms,emg,0.8685185185185186,
fold,2,51,shift_250ms,imu,0.8685185185185186,
fold,2,51,shift_250ms,fp,0.8685185185185186,
fold,2,51,shift_250ms,eeg+emg+imu+fp,0.8685185185185186,
fold,2,51,gain_1.5,eeg,0.8685185185185186,
fold,2,51,gain_1.5,emg,0.8685185185185186,
fold,2,51,gain_1.5,imu,0.6802469135802469,
fold,2,51,gain_1.5,fp,0.837700311384522,
fold,2,51,gain_1.5,eeg+emg+imu+fp,0.4860484544695071,
fold,2,52,clean,none,0.9346300533943555,
fold,2,52,noise_10db,eeg,0.9346300533943555,
fold,2,52,noise_10db,emg,0.9045340624287993,
fold,2,52,noise_10db,imu,0.9045340624287993,
fold,2,52,noise_10db,fp,0.9045340624287993,
fold,2,52,noise_10db,eeg+emg+imu+fp,0.9362800941748309,
fold,2,52,channel_dropout_30,eeg,0.9346300533943555,
fold,2,52,channel_dropout_30,emg,0.9346300533943555,
fold,2,52,channel_dropout_30,imu,0.7635327635327634,
fold,2,52,channel_dropout_30,fp,0.9020467836257309,
fold,2,52,channel_dropout_30,eeg+emg+imu+fp,0.6867080745341614,
fold,2,52,structured_dropout_30,eeg,0.9346300533943555,
fold,2,52,structured_dropout_30,emg,0.9020467836257309,
fold,2,52,structured_dropout_30,imu,0.7631189083820663,
fold,2,52,structured_dropout_30,fp,0.9020467836257309,
fold,2,52,structured_dropout_30,eeg+emg+imu+fp,0.5427350427350427,
fold,2,52,packet_loss_30,eeg,0.9346300533943555,
fold,2,52,packet_loss_30,emg,0.9346300533943555,
fold,2,52,packet_loss_30,imu,0.8648148148148148,
fold,2,52,packet_loss_30,fp,0.9346300533943555,
fold,2,52,packet_loss_30,eeg+emg+imu+fp,0.8683820662768031,
fold,2,52,shift_250ms,eeg,0.9346300533943555,
fold,2,52,shift_250ms,emg,0.9346300533943555,
fold,2,52,shift_250ms,imu,0.9020467836257309,
fold,2,52,shift_250ms,fp,0.9346300533943555,
fold,2,52,shift_250ms,eeg+emg+imu+fp,0.9020467836257309,
fold,2,52,gain_1.5,eeg,0.9346300533943555,
fold,2,52,gain_1.5,emg,0.9346300533943555,
fold,2,52,gain_1.5,imu,0.8354691075514874,
fold,2,52,gain_1.5,fp,0.8995423340961098,
fold,2,52,gain_1.5,eeg+emg+imu+fp,0.4860484544695071,
fold,2,53,clean,none,0.8696969696969696,
fold,2,53,noise_10db,eeg,0.8696969696969696,
fold,2,53,noise_10db,emg,0.8696969696969696,
fold,2,53,noise_10db,imu,0.9031746031746031,
fold,2,53,noise_10db,fp,0.8714285714285714,
fold,2,53,noise_10db,eeg+emg+imu+fp,0.8714285714285714,
fold,2,53,channel_dropout_30,eeg,0.8696969696969696,
fold,2,53,channel_dropout_30,emg,0.9031746031746031,
fold,2,53,channel_dropout_30,imu,0.6921428571428572,
fold,2,53,channel_dropout_30,fp,0.9045340624287993,
fold,2,53,channel_dropout_30,eeg+emg+imu+fp,0.5276435856146001,
fold,2,53,structured_dropout_30,eeg,0.8696969696969696,
fold,2,53,structured_dropout_30,emg,0.837700311384522,
fold,2,53,structured_dropout_30,imu,0.692783996189569,
fold,2,53,structured_dropout_30,fp,0.872053872053872,
fold,2,53,structured_dropout_30,eeg+emg+imu+fp,0.6595655806182122,
fold,2,53,packet_loss_30,eeg,0.8696969696969696,
fold,2,53,packet_loss_30,emg,0.8696969696969696,
fold,2,53,packet_loss_30,imu,0.8332943469785574,
fold,2,53,packet_loss_30,fp,0.8696969696969696,
fold,2,53,packet_loss_30,eeg+emg+imu+fp,0.7980471540843057,
fold,2,53,shift_250ms,eeg,0.8696969696969696,
fold,2,53,shift_250ms,emg,0.8696969696969696,
fold,2,53,shift_250ms,imu,0.8995423340961098,
fold,2,53,shift_250ms,fp,0.8696969696969696,
fold,2,53,shift_250ms,eeg+emg+imu+fp,0.8995423340961098,
fold,2,53,gain_1.5,eeg,0.9031746031746031,
fold,2,53,gain_1.5,emg,0.9031746031746031,
fold,2,53,gain_1.5,imu,0.5205026455026455,
fold,2,53,gain_1.5,fp,0.8380952380952381,
fold,2,53,gain_1.5,eeg+emg+imu+fp,0.3991158267020336,
fold,3,51,clean,none,1.0,
fold,3,51,noise_10db,eeg,1.0,
fold,3,51,noise_10db,emg,1.0,
fold,3,51,noise_10db,imu,1.0,
fold,3,51,noise_10db,fp,1.0,
fold,3,51,noise_10db,eeg+emg+imu+fp,0.9682539682539683,
fold,3,51,channel_dropout_30,eeg,1.0,
fold,3,51,channel_dropout_30,emg,1.0,
fold,3,51,channel_dropout_30,imu,0.7461147421931735,
fold,3,51,channel_dropout_30,fp,1.0,
fold,3,51,channel_dropout_30,eeg+emg+imu+fp,0.49721076885762794,
fold,3,51,structured_dropout_30,eeg,1.0,
fold,3,51,structured_dropout_30,emg,1.0,
fold,3,51,structured_dropout_30,imu,0.7677777777777778,
fold,3,51,structured_dropout_30,fp,1.0,
fold,3,51,structured_dropout_30,eeg+emg+imu+fp,0.6523076923076924,
fold,3,51,packet_loss_30,eeg,1.0,
fold,3,51,packet_loss_30,emg,1.0,
fold,3,51,packet_loss_30,imu,0.9073684210526315,
fold,3,51,packet_loss_30,fp,1.0,
fold,3,51,packet_loss_30,eeg+emg+imu+fp,0.8746438746438746,
fold,3,51,shift_250ms,eeg,1.0,
fold,3,51,shift_250ms,emg,1.0,
fold,3,51,shift_250ms,imu,1.0,
fold,3,51,shift_250ms,fp,1.0,
fold,3,51,shift_250ms,eeg+emg+imu+fp,1.0,
fold,3,51,gain_1.5,eeg,1.0,
fold,3,51,gain_1.5,emg,1.0,
fold,3,51,gain_1.5,imu,0.6823361823361823,
fold,3,51,gain_1.5,fp,1.0,
fold,3,51,gain_1.5,eeg+emg+imu+fp,0.5057127520895637,
fold,3,52,clean,none,1.0,
fold,3,52,noise_10db,eeg,1.0,
fold,3,52,noise_10db,emg,1.0,
fold,3,52,noise_10db,imu,1.0,
fold,3,52,noise_10db,fp,1.0,
fold,3,52,noise_10db,eeg+emg+imu+fp,0.9682539682539683,
fold,3,52,channel_dropout_30,eeg,1.0,
fold,3,52,channel_dropout_30,emg,1.0,
fold,3,52,channel_dropout_30,imu,0.8102673796791443,
fold,3,52,channel_dropout_30,fp,1.0,
fold,3,52,channel_dropout_30,eeg+emg+imu+fp,0.6756453423120089,
fold,3,52,structured_dropout_30,eeg,1.0,
fold,3,52,structured_dropout_30,emg,0.9679633867276888,
fold,3,52,structured_dropout_30,imu,0.9679633867276888,
fold,3,52,structured_dropout_30,fp,1.0,
fold,3,52,structured_dropout_30,eeg+emg+imu+fp,0.7752173913043477,
fold,3,52,packet_loss_30,eeg,1.0,
fold,3,52,packet_loss_30,emg,1.0,
fold,3,52,packet_loss_30,imu,1.0,
fold,3,52,packet_loss_30,fp,1.0,
fold,3,52,packet_loss_30,eeg+emg+imu+fp,0.9696342305037957,
fold,3,52,shift_250ms,eeg,1.0,
fold,3,52,shift_250ms,emg,1.0,
fold,3,52,shift_250ms,imu,1.0,
fold,3,52,shift_250ms,fp,1.0,
fold,3,52,shift_250ms,eeg+emg+imu+fp,1.0,
fold,3,52,gain_1.5,eeg,1.0,
fold,3,52,gain_1.5,emg,1.0,
fold,3,52,gain_1.5,imu,0.7164021164021165,
fold,3,52,gain_1.5,fp,1.0,
fold,3,52,gain_1.5,eeg+emg+imu+fp,0.650434532787474,
fold,3,53,clean,none,1.0,
fold,3,53,noise_10db,eeg,1.0,
fold,3,53,noise_10db,emg,1.0,
fold,3,53,noise_10db,imu,1.0,
fold,3,53,noise_10db,fp,1.0,
fold,3,53,noise_10db,eeg+emg+imu+fp,1.0,
fold,3,53,channel_dropout_30,eeg,1.0,
fold,3,53,channel_dropout_30,emg,0.9679633867276888,
fold,3,53,channel_dropout_30,imu,0.8355072463768116,
fold,3,53,channel_dropout_30,fp,1.0,
fold,3,53,channel_dropout_30,eeg+emg+imu+fp,0.5154968488301822,
fold,3,53,structured_dropout_30,eeg,1.0,
fold,3,53,structured_dropout_30,emg,0.9679633867276888,
fold,3,53,structured_dropout_30,imu,0.9011764705882351,
fold,3,53,structured_dropout_30,fp,0.9679633867276888,
fold,3,53,structured_dropout_30,eeg+emg+imu+fp,0.6019753086419752,
fold,3,53,packet_loss_30,eeg,1.0,
fold,3,53,packet_loss_30,emg,1.0,
fold,3,53,packet_loss_30,imu,0.9351851851851851,
fold,3,53,packet_loss_30,fp,1.0,
fold,3,53,packet_loss_30,eeg+emg+imu+fp,0.8745791245791246,
fold,3,53,shift_250ms,eeg,1.0,
fold,3,53,shift_250ms,emg,1.0,
fold,3,53,shift_250ms,imu,1.0,
fold,3,53,shift_250ms,fp,1.0,
fold,3,53,shift_250ms,eeg+emg+imu+fp,1.0,
fold,3,53,gain_1.5,eeg,1.0,
fold,3,53,gain_1.5,emg,1.0,
fold,3,53,gain_1.5,imu,0.7491582491582491,
fold,3,53,gain_1.5,fp,1.0,
fold,3,53,gain_1.5,eeg+emg+imu+fp,0.5057127520895637,
fold,4,51,clean,none,1.0,
fold,4,51,noise_10db,eeg,1.0,
fold,4,51,noise_10db,emg,1.0,
fold,4,51,noise_10db,imu,1.0,
fold,4,51,noise_10db,fp,1.0,
fold,4,51,noise_10db,eeg+emg+imu+fp,1.0,
fold,4,51,channel_dropout_30,eeg,1.0,
fold,4,51,channel_dropout_30,emg,0.9679633867276888,
fold,4,51,channel_dropout_30,imu,0.9070593149540517,
fold,4,51,channel_dropout_30,fp,0.9696342305037957,
fold,4,51,channel_dropout_30,eeg+emg+imu+fp,0.9070593149540517,
fold,4,51,structured_dropout_30,eeg,1.0,
fold,4,51,structured_dropout_30,emg,1.0,
fold,4,51,structured_dropout_30,imu,0.9376603564246584,
fold,4,51,structured_dropout_30,fp,1.0,
fold,4,51,structured_dropout_30,eeg+emg+imu+fp,0.8055555555555555,
fold,4,51,packet_loss_30,eeg,1.0,
fold,4,51,packet_loss_30,emg,1.0,
fold,4,51,packet_loss_30,imu,0.9696342305037957,
fold,4,51,packet_loss_30,fp,1.0,
fold,4,51,packet_loss_30,eeg+emg+imu+fp,0.9696342305037957,
fold,4,51,shift_250ms,eeg,1.0,
fold,4,51,shift_250ms,emg,1.0,
fold,4,51,shift_250ms,imu,1.0,
fold,4,51,shift_250ms,fp,1.0,
fold,4,51,shift_250ms,eeg+emg+imu+fp,1.0,
fold,4,51,gain_1.5,eeg,1.0,
fold,4,51,gain_1.5,emg,1.0,
fold,4,51,gain_1.5,imu,0.7142857142857143,
fold,4,51,gain_1.5,fp,1.0,
fold,4,51,gain_1.5,eeg+emg+imu+fp,0.6425834701696771,
fold,4,52,clean,none,1.0,
fold,4,52,noise_10db,eeg,1.0,
fold,4,52,noise_10db,emg,1.0,
fold,4,52,noise_10db,imu,1.0,
fold,4,52,noise_10db,fp,1.0,
fold,4,52,noise_10db,eeg+emg+imu+fp,1.0,
fold,4,52,channel_dropout_30,eeg,1.0,
fold,4,52,channel_dropout_30,emg,1.0,
fold,4,52,channel_dropout_30,imu,0.9049919484702094,
fold,4,52,channel_dropout_30,fp,0.9073684210526315,
fold,4,52,channel_dropout_30,eeg+emg+imu+fp,0.7677777777777778,
fold,4,52,structured_dropout_30,eeg,1.0,
fold,4,52,structured_dropout_30,emg,1.0,
fold,4,52,structured_dropout_30,imu,0.9376603564246584,
fold,4,52,structured_dropout_30,fp,1.0,
fold,4,52,structured_dropout_30,eeg+emg+imu+fp,0.7677777777777778,
fold,4,52,packet_loss_30,eeg,1.0,
fold,4,52,packet_loss_30,emg,1.0,
fold,4,52,packet_loss_30,imu,1.0,
fold,4,52,packet_loss_30,fp,1.0,
fold,4,52,packet_loss_30,eeg+emg+imu+fp,0.9696342305037957,
fold,4,52,shift_250ms,eeg,1.0,
fold,4,52,shift_250ms,emg,1.0,
fold,4,52,shift_250ms,imu,1.0,
fold,4,52,shift_250ms,fp,1.0,
fold,4,52,shift_250ms,eeg+emg+imu+fp,1.0,
fold,4,52,gain_1.5,eeg,1.0,
fold,4,52,gain_1.5,emg,1.0,
fold,4,52,gain_1.5,imu,0.7142857142857143,
fold,4,52,gain_1.5,fp,1.0,
fold,4,52,gain_1.5,eeg+emg+imu+fp,0.5939201451905626,
fold,4,53,clean,none,1.0,
fold,4,53,noise_10db,eeg,1.0,
fold,4,53,noise_10db,emg,1.0,
fold,4,53,noise_10db,imu,1.0,
fold,4,53,noise_10db,fp,1.0,
fold,4,53,noise_10db,eeg+emg+imu+fp,1.0,
fold,4,53,channel_dropout_30,eeg,1.0,
fold,4,53,channel_dropout_30,emg,1.0,
fold,4,53,channel_dropout_30,imu,0.9351851851851851,
fold,4,53,channel_dropout_30,fp,0.8466536712150746,
fold,4,53,channel_dropout_30,eeg+emg+imu+fp,0.7677777777777778,
fold,4,53,structured_dropout_30,eeg,1.0,
fold,4,53,structured_dropout_30,emg,1.0,
fold,4,53,structured_dropout_30,imu,0.9351851851851851,
fold,4,53,structured_dropout_30,fp,1.0,
fold,4,53,structured_dropout_30,eeg+emg+imu+fp,0.7377777777777778,
fold,4,53,packet_loss_30,eeg,1.0,
fold,4,53,packet_loss_30,emg,1.0,
fold,4,53,packet_loss_30,imu,1.0,
fold,4,53,packet_loss_30,fp,1.0,
fold,4,53,packet_loss_30,eeg+emg+imu+fp,1.0,
fold,4,53,shift_250ms,eeg,1.0,
fold,4,53,shift_250ms,emg,1.0,
fold,4,53,shift_250ms,imu,1.0,
fold,4,53,shift_250ms,fp,1.0,
fold,4,53,shift_250ms,eeg+emg+imu+fp,1.0,
fold,4,53,gain_1.5,eeg,1.0,
fold,4,53,gain_1.5,emg,1.0,
fold,4,53,gain_1.5,imu,0.7310405643738976,
fold,4,53,gain_1.5,fp,1.0,
fold,4,53,gain_1.5,eeg+emg+imu+fp,0.7037763253449528,
fold,5,51,clean,none,1.0,
fold,5,51,noise_10db,eeg,1.0,
fold,5,51,noise_10db,emg,1.0,
fold,5,51,noise_10db,imu,1.0,
fold,5,51,noise_10db,fp,1.0,
fold,5,51,noise_10db,eeg+emg+imu+fp,1.0,
fold,5,51,channel_dropout_30,eeg,1.0,
fold,5,51,channel_dropout_30,emg,0.9665831244778613,
fold,5,51,channel_dropout_30,imu,0.8315083609201256,
fold,5,51,channel_dropout_30,fp,0.933249791144528,
fold,5,51,channel_dropout_30,eeg+emg+imu+fp,0.5802197802197803,
fold,5,51,structured_dropout_30,eeg,1.0,
fold,5,51,structured_dropout_30,emg,1.0,
fold,5,51,structured_dropout_30,imu,0.8317654038477836,
fold,5,51,structured_dropout_30,fp,0.933249791144528,
fold,5,51,structured_dropout_30,eeg+emg+imu+fp,0.7157287157287158,
fold,5,51,packet_loss_30,eeg,1.0,
fold,5,51,packet_loss_30,emg,1.0,
fold,5,51,packet_loss_30,imu,0.9665831244778613,
fold,5,51,packet_loss_30,fp,0.933249791144528,
fold,5,51,packet_loss_30,eeg+emg+imu+fp,0.933249791144528,
fold,5,51,shift_250ms,eeg,1.0,
fold,5,51,shift_250ms,emg,1.0,
fold,5,51,shift_250ms,imu,0.9665831244778613,
fold,5,51,shift_250ms,fp,0.9665831244778613,
fold,5,51,shift_250ms,eeg+emg+imu+fp,0.9665831244778613,
fold,5,51,gain_1.5,eeg,1.0,
fold,5,51,gain_1.5,emg,1.0,
fold,5,51,gain_1.5,imu,0.8288613691090472,
fold,5,51,gain_1.5,fp,1.0,
fold,5,51,gain_1.5,eeg+emg+imu+fp,0.7962962962962963,
fold,5,52,clean,none,0.9665831244778613,
fold,5,52,noise_10db,eeg,0.9665831244778613,
fold,5,52,noise_10db,emg,0.9665831244778613,
fold,5,52,noise_10db,imu,0.9665831244778613,
fold,5,52,noise_10db,fp,1.0,
fold,5,52,noise_10db,eeg+emg+imu+fp,1.0,
fold,5,52,channel_dropout_30,eeg,0.9665831244778613,
fold,5,52,channel_dropout_30,emg,0.9665831244778613,
fold,5,52,channel_dropout_30,imu,0.7954545454545454,
fold,5,52,channel_dropout_30,fp,0.9665831244778613,
fold,5,52,channel_dropout_30,eeg+emg+imu+fp,0.5767195767195766,
fold,5,52,structured_dropout_30,eeg,0.9665831244778613,
fold,5,52,structured_dropout_30,emg,0.9665831244778613,
fold,5,52,structured_dropout_30,imu,0.865993265993266,
fold,5,52,structured_dropout_30,fp,0.9665831244778613,
fold,5,52,structured_dropout_30,eeg+emg+imu+fp,0.5720279720279721,
fold,5,52,packet_loss_30,eeg,0.9665831244778613,
fold,5,52,packet_loss_30,emg,0.9665831244778613,
fold,5,52,packet_loss_30,imu,0.9326599326599326,
fold,5,52,packet_loss_30,fp,0.9665831244778613,
fold,5,52,packet_loss_30,eeg+emg+imu+fp,0.9326599326599326,
fold,5,52,shift_250ms,eeg,0.9665831244778613,
fold,5,52,shift_250ms,emg,0.9665831244778613,
fold,5,52,shift_250ms,imu,0.9665831244778613,
fold,5,52,shift_250ms,fp,0.9665831244778613,
fold,5,52,shift_250ms,eeg+emg+imu+fp,0.9665831244778613,
fold,5,52,gain_1.5,eeg,0.9665831244778613,
fold,5,52,gain_1.5,emg,0.9665831244778613,
fold,5,52,gain_1.5,imu,0.8288613691090472,
fold,5,52,gain_1.5,fp,1.0,
fold,5,52,gain_1.5,eeg+emg+imu+fp,0.676543209876543,
fold,5,53,clean,none,1.0,
fold,5,53,noise_10db,eeg,1.0,
fold,5,53,noise_10db,emg,1.0,
fold,5,53,noise_10db,imu,1.0,
fold,5,53,noise_10db,fp,1.0,
fold,5,53,noise_10db,eeg+emg+imu+fp,1.0,
fold,5,53,channel_dropout_30,eeg,1.0,
fold,5,53,channel_dropout_30,emg,1.0,
fold,5,53,channel_dropout_30,imu,0.7976982097186701,
fold,5,53,channel_dropout_30,fp,1.0,
fold,5,53,channel_dropout_30,eeg+emg+imu+fp,0.4532627865961199,
fold,5,53,structured_dropout_30,eeg,1.0,
fold,5,53,structured_dropout_30,emg,1.0,
fold,5,53,structured_dropout_30,imu,0.8315083609201256,
fold,5,53,structured_dropout_30,fp,1.0,
fold,5,53,structured_dropout_30,eeg+emg+imu+fp,0.5876328502415459,
fold,5,53,packet_loss_30,eeg,1.0,
fold,5,53,packet_loss_30,emg,1.0,
fold,5,53,packet_loss_30,imu,0.9326599326599326,
fold,5,53,packet_loss_30,fp,1.0,
fold,5,53,packet_loss_30,eeg+emg+imu+fp,0.9326599326599326,
fold,5,53,shift_250ms,eeg,1.0,
fold,5,53,shift_250ms,emg,1.0,
fold,5,53,shift_250ms,imu,0.9665831244778613,
fold,5,53,shift_250ms,fp,1.0,
fold,5,53,shift_250ms,eeg+emg+imu+fp,0.9665831244778613,
fold,5,53,gain_1.5,eeg,1.0,
fold,5,53,gain_1.5,emg,1.0,
fold,5,53,gain_1.5,imu,0.79769820971867,
fold,5,53,gain_1.5,fp,1.0,
fold,5,53,gain_1.5,eeg+emg+imu+fp,0.5387488328664799,
pooled,0,51,clean,none,0.9745580564987574,
pooled,0,51,noise_10db,eeg,0.9745580564987574,
pooled,0,51,noise_10db,emg,0.9745580564987574,
pooled,0,51,noise_10db,imu,0.9746787603930461,
pooled,0,51,noise_10db,fp,0.962034676987948,
pooled,0,51,noise_10db,eeg+emg+imu+fp,0.961827971063815,
pooled,0,51,channel_dropout_30,eeg,0.9745580564987574,
pooled,0,51,channel_dropout_30,emg,0.9552952485195476,
pooled,0,51,channel_dropout_30,imu,0.8122138774484733,
pooled,0,51,channel_dropout_30,fp,0.9294967692091586,
pooled,0,51,channel_dropout_30,eeg+emg+imu+fp,0.662307510068704,
pooled,0,51,structured_dropout_30,eeg,0.9745580564987574,
pooled,0,51,structured_dropout_30,emg,0.9680537916013395,
pooled,0,51,structured_dropout_30,imu,0.8176725235548764,
pooled,0,51,structured_dropout_30,fp,0.954950409772647,
pooled,0,51,structured_dropout_30,eeg+emg+imu+fp,0.6980351503633099,
pooled,0,51,packet_loss_30,eeg,0.9745580564987574,
pooled,0,51,packet_loss_30,emg,0.9745580564987574,
pooled,0,51,packet_loss_30,imu,0.9234060520760027,
pooled,0,51,packet_loss_30,fp,0.9551633265918981,
pooled,0,51,packet_loss_30,eeg+emg+imu+fp,0.9047937356760887,
pooled,0,51,shift_250ms,eeg,0.9745580564987574,
pooled,0,51,shift_250ms,emg,0.9745580564987574,
pooled,0,51,shift_250ms,imu,0.9618137881121737,
pooled,0,51,shift_250ms,fp,0.9683152540295398,
pooled,0,51,shift_250ms,eeg+emg+imu+fp,0.9618137881121737,
pooled,0,51,gain_1.5,eeg,0.9745580564987574,
pooled,0,51,gain_1.5,emg,0.9745580564987574,
pooled,0,51,gain_1.5,imu,0.7400229117786369,
pooled,0,51,gain_1.5,fp,0.9616259026321919,
pooled,0,51,gain_1.5,eeg+emg+imu+fp,0.5826633474475355,
pooled,0,52,clean,none,0.9810485810485811,
pooled,0,52,noise_10db,eeg,0.9810485810485811,
pooled,0,52,noise_10db,emg,0.9748800683541899,
pooled,0,52,noise_10db,imu,0.9748800683541899,
pooled,0,52,noise_10db,fp,0.9811143627343005,
pooled,0,52,noise_10db,eeg+emg+imu+fp,0.9808722741433021,
pooled,0,52,channel_dropout_30,eeg,0.9810485810485811,
pooled,0,52,channel_dropout_30,emg,0.9748034748034748,
pooled,0,52,channel_dropout_30,imu,0.8385751123238355,
pooled,0,52,channel_dropout_30,fp,0.94334146058284,
pooled,0,52,channel_dropout_30,eeg+emg+imu+fp,0.6643097643097643,
pooled,0,52,structured_dropout_30,eeg,0.9810485810485811,
pooled,0,52,structured_dropout_30,emg,0.9620617477760334,
pooled,0,52,structured_dropout_30,imu,0.8971376150026021,
pooled,0,52,structured_dropout_30,fp,0.9685470049547721,
pooled,0,52,structured_dropout_30,eeg+emg+imu+fp,0.6731549252097198,
pooled,0,52,packet_loss_30,eeg,0.9810485810485811,
pooled,0,52,packet_loss_30,emg,0.9810485810485811,
pooled,0,52,packet_loss_30,imu,0.9554817605654371,
pooled,0,52,packet_loss_30,fp,0.9810485810485811,
pooled,0,52,packet_loss_30,eeg+emg+imu+fp,0.94334146058284,
pooled,0,52,shift_250ms,eeg,0.9810485810485811,
pooled,0,52,shift_250ms,emg,0.9810485810485811,
pooled,0,52,shift_250ms,imu,0.9685470049547721,
pooled,0,52,shift_250ms,fp,0.9810485810485811,
pooled,0,52,shift_250ms,eeg+emg+imu+fp,0.9748034748034748,
pooled,0,52,gain_1.5,eeg,0.9810485810485811,
pooled,0,52,gain_1.5,emg,0.9810485810485811,
pooled,0,52,gain_1.5,imu,0.7626806861720654,
pooled,0,52,gain_1.5,fp,0.9807514198339886,
pooled,0,52,gain_1.5,eeg+emg+imu+fp,0.6203337725076855,
pooled,0,53,clean,none,0.9745818774749592,
pooled,0,53,noise_10db,eeg,0.9745818774749592,
pooled,0,53,noise_10db,emg,0.9745818774749592,
pooled,0,53,noise_10db,imu,0.9808722741433021,
pooled,0,53,noise_10db,fp,0.9682295213648349,
pooled,0,53,noise_10db,eeg+emg+imu+fp,0.9682295213648349,
pooled,0,53,channel_dropout_30,eeg,0.9745818774749592,
pooled,0,53,channel_dropout_30,emg,0.9744380460891365,
pooled,0,53,channel_dropout_30,imu,0.8176725235548764,
pooled,0,53,channel_dropout_30,fp,0.9308979409971391,
pooled,0,53,channel_dropout_30,eeg+emg+imu+fp,0.5696624635443472,
pooled,0,53,structured_dropout_30,eeg,0.9745818774749592,
pooled,0,53,structured_dropout_30,emg,0.9617031997984379,
pooled,0,53,structured_dropout_30,imu,0.8567626900835297,
pooled,0,53,structured_dropout_30,fp,0.9682273622656359,
pooled,0,53,structured_dropout_30,eeg+emg+imu+fp,0.6498109837155202,
pooled,0,53,packet_loss_30,eeg,0.9745818774749592,
pooled,0,53,packet_loss_30,emg,0.9745818774749592,
pooled,0,53,packet_loss_30,imu,0.9424275812379088,
pooled,0,53,packet_loss_30,fp,0.9745818774749592,
pooled,0,53,packet_loss_30,eeg+emg+imu+fp,0.917176843774782,
pooled,0,53,shift_250ms,eeg,0.9745818774749592,
pooled,0,53,shift_250ms,emg,0.9745818774749592,
pooled,0,53,shift_250ms,imu,0.9744522144522145,
pooled,0,53,shift_250ms,fp,0.9745818774749592,
pooled,0,53,shift_250ms,eeg+emg+imu+fp,0.9744522144522145,
pooled,0,53,gain_1.5,eeg,0.9808722741433021,
pooled,0,53,gain_1.5,emg,0.9808722741433021,
pooled,0,53,gain_1.5,imu,0.7191980286738352,
pooled,0,53,gain_1.5,fp,0.9619440695612499,
pooled,0,53,gain_1.5,eeg+emg+imu+fp,0.5473901098901099,
