reference_method,comparison_method,endpoint,subjects,reference_subject_mean,comparison_subject_mean,paired_delta,bootstrap_ci_low,bootstrap_ci_high,subjects_improved,subjects_tied,wilcoxon_statistic,wilcoxon_p
rapid_embracenet_fasca_kd,adapt_adaptation,full,55,0.9239057239057239,0.8666666666666668,0.05723905723905725,0.022222222222222223,0.09898989898989899,9,45,1.0,0.00683774356850919
rapid_embracenet_fasca_kd,adapt_adaptation,incomplete_14,55,0.7989177489177488,0.7528619528619527,0.046055796055796044,0.024098124098124073,0.07037037037037036,39,0,366.5,0.0007226249437776944
rapid_embracenet_fasca_kd,adapt_adaptation,mean_15,55,0.8072502805836139,0.7604489337822671,0.0468013468013468,0.024668911335578008,0.07191919191919191,39,0,369.5,0.000791610655174481
rapid_embracenet_fasca_kd,adapt_adaptation,single_modality_mean,55,0.6538720538720539,0.6172558922558923,0.03661616161616161,0.015319865319865317,0.05892466329966311,36,2,391.5,0.0041179209218645
rapid_embracenet_fasca_kd,centaur_adaptation,full,55,0.9239057239057239,0.9205387205387204,0.00336700336700337,-0.027609427609427604,0.037710437710437715,2,50,7.0,0.892738400944348
rapid_embracenet_fasca_kd,centaur_adaptation,incomplete_14,55,0.7989177489177488,0.7919672919672918,0.0069504569504569395,-0.011544011544011556,0.025661375661375642,32,1,632.5,0.343537592307685
rapid_embracenet_fasca_kd,centaur_adaptation,mean_15,55,0.8072502805836139,0.8005387205387205,0.006711560044893384,-0.012031986531986531,0.025791806958473582,31,1,633.0,0.3457512079193573
rapid_embracenet_fasca_kd,centaur_adaptation,single_modality_mean,55,0.6538720538720539,0.6378787878787878,0.015993265993265993,-0.007239057239057251,0.03914141414141412,32,1,574.5,0.14800041727351057
rapid_embracenet_fasca_kd,cimsleepnet_adaptation,full,55,0.9239057239057239,0.8808080808080809,0.04309764309764309,0.009427609427609434,0.08080808080808081,9,44,9.5,0.03611534349789515
rapid_embracenet_fasca_kd,cimsleepnet_adaptation,incomplete_14,55,0.7989177489177488,0.7555555555555555,0.04336219336219335,0.025565175565175544,0.06253066378066374,41,1,244.5,1.803311581324817e-05
rapid_embracenet_fasca_kd,cimsleepnet_adaptation,mean_15,55,0.8072502805836139,0.7639057239057239,0.043344556677890035,0.02487037037037037,0.06377104377104381,41,1,251.5,2.361176719033365e-05
rapid_embracenet_fasca_kd,cimsleepnet_adaptation,single_modality_mean,55,0.6538720538720539,0.6186868686868687,0.03518518518518518,0.017422138047138047,0.05286195286195285,38,3,284.5,0.00022926171478100308
