method,seed,full,incomplete_14,mean_15,worst,single_modality_mean,two_modality_mean,three_modality_mean,display_name
adapt_adaptation,51,0.9175759943360955,0.8258588013578302,0.8319732808897146,0.4158009703757455,0.7064101193152712,0.8487674244522775,0.9109445487587186,ADAPT-adaptation
centaur_adaptation,51,0.9813084112149534,0.8696460430004725,0.877090200881438,0.48128359414767186,0.7415315504754563,0.8955777462678585,0.9588629806244099,Centaur-adaptation
cimsleepnet_adaptation,51,0.9421914594664936,0.8376278011571222,0.8445987117110804,0.4272668007541494,0.7172261333794805,0.8619995927093275,0.9214717816064564,CIMSleepNet-adaptation
adapt_adaptation,52,0.936862590170171,0.8373145678382002,0.8439511026603316,0.48469323144499804,0.7232881275620695,0.8607200799273903,0.9162327399805458,ADAPT-adaptation
centaur_adaptation,52,0.9810645673983727,0.8710141842901623,0.8783508764973763,0.4903014969428631,0.7417347182384659,0.8933987038926675,0.9667168709381011,Centaur-adaptation
cimsleepnet_adaptation,52,0.904948426687557,0.8038013438099296,0.8105444826684381,0.4562846466279665,0.6985434257702529,0.8219224031724917,0.881877672805763,CIMSleepNet-adaptation
adapt_adaptation,53,0.9362991618310766,0.8271203196242821,0.834398909104735,0.43685728551707936,0.7022535279108613,0.851603255587697,0.9152627073925802,ADAPT-adaptation
centaur_adaptation,53,0.9621933621933622,0.8532532017585225,0.8605158791208452,0.449793488503166,0.7152842662823583,0.8790783635072722,0.9524843946115623,Centaur-adaptation
cimsleepnet_adaptation,53,0.9742869386616038,0.8514620143171117,0.8596503426067446,0.45309579791402904,0.7166184179791523,0.8721518831703178,0.9552708073752612,CIMSleepNet-adaptation
rapid_embracenet_fasca_kd,51,0.9745580564987574,0.8646359970156184,0.8719641343144944,0.47018736949037754,0.7389996663890576,0.8878802952461665,0.9554058802963575,EmbraceNet+FASCA
rapid_embracenet_fasca_kd,52,0.9810485810485811,0.8785517427245739,0.8853848652795077,0.5202071372284137,0.7619381523175566,0.8985112946526465,0.9652260052394823,EmbraceNet+FASCA
rapid_embracenet_fasca_kd,53,0.9745818774749592,0.8657648931372032,0.8730193587597203,0.4169727218507706,0.7272917009033422,0.89289899837707,0.9635369275112644,EmbraceNet+FASCA
