method,seed,available_modalities,modality_count,trial_macro_f1
adapt_adaptation,51,fp,1,0.885334903192046
adapt_adaptation,51,imu,1,0.9039956657185426
adapt_adaptation,51,imu+fp,2,0.9044939655689732
adapt_adaptation,51,emg,1,0.6205089379747507
adapt_adaptation,51,emg+fp,2,0.8792215467747383
adapt_adaptation,51,emg+imu,2,0.9036175477508167
adapt_adaptation,51,emg+imu+fp,3,0.9238292243611393
adapt_adaptation,51,eeg,1,0.4158009703757455
adapt_adaptation,51,eeg+fp,2,0.8917938346509775
adapt_adaptation,51,eeg+imu,2,0.9039956657185426
adapt_adaptation,51,eeg+imu+fp,3,0.9044939655689732
adapt_adaptation,51,eeg+emg,2,0.6094819862496169
adapt_adaptation,51,eeg+emg+fp,3,0.8920113095551693
adapt_adaptation,51,eeg+emg+imu,3,0.9234436955495925
adapt_adaptation,51,eeg+emg+imu+fp,4,0.9175759943360955
centaur_adaptation,51,fp,1,0.923962703962704
centaur_adaptation,51,imu,1,0.9488334385339751
centaur_adaptation,51,imu+fp,2,0.975075704635453
centaur_adaptation,51,emg,1,0.6120464652574743
centaur_adaptation,51,emg+fp,2,0.94977405078034
centaur_adaptation,51,emg+imu,2,0.9489413999217922
centaur_adaptation,51,emg+imu+fp,3,0.9747752592222722
centaur_adaptation,51,eeg,1,0.48128359414767186
centaur_adaptation,51,eeg+fp,2,0.9433430882029014
centaur_adaptation,51,eeg+imu,2,0.9427819209750674
centaur_adaptation,51,eeg+imu+fp,3,0.9813084112149534
centaur_adaptation,51,eeg+emg,2,0.6135503130915975
centaur_adaptation,51,eeg+emg+fp,3,0.94977405078034
centaur_adaptation,51,eeg+emg+imu,3,0.9295942012800736
centaur_adaptation,51,eeg+emg+imu+fp,4,0.9813084112149534
cimsleepnet_adaptation,51,fp,1,0.9109030589293748
cimsleepnet_adaptation,51,imu,1,0.9493004334715858
cimsleepnet_adaptation,51,imu+fp,2,0.9355983549531937
cimsleepnet_adaptation,51,emg,1,0.5814342403628118
cimsleepnet_adaptation,51,emg+fp,2,0.877574370709382
cimsleepnet_adaptation,51,emg+imu,2,0.9172978997261328
cimsleepnet_adaptation,51,emg+imu+fp,3,0.9421914594664936
cimsleepnet_adaptation,51,eeg,1,0.4272668007541494
cimsleepnet_adaptation,51,eeg+fp,2,0.9109030589293748
cimsleepnet_adaptation,51,eeg+imu,2,0.9493004334715858
cimsleepnet_adaptation,51,eeg+imu+fp,3,0.9355983549531937
cimsleepnet_adaptation,51,eeg+emg,2,0.5813234384662955
cimsleepnet_adaptation,51,eeg+emg+fp,3,0.8715203842011406
cimsleepnet_adaptation,51,eeg+emg+imu,3,0.9365769278049979
cimsleepnet_adaptation,51,eeg+emg+imu+fp,4,0.9421914594664936
adapt_adaptation,52,fp,1,0.885804331908702
adapt_adaptation,52,imu,1,0.9297062289458603
adapt_adaptation,52,imu+fp,2,0.9243980822928192
adapt_adaptation,52,emg,1,0.592948717948718
adapt_adaptation,52,emg+fp,2,0.8735942420152946
adapt_adaptation,52,emg+imu,2,0.9427904200028094
adapt_adaptation,52,emg+imu+fp,3,0.9306351784381722
adapt_adaptation,52,eeg,1,0.48469323144499804
adapt_adaptation,52,eeg+fp,2,0.885804331908702
adapt_adaptation,52,eeg+imu,2,0.9297062289458603
adapt_adaptation,52,eeg+imu+fp,3,0.9243980822928192
adapt_adaptation,52,eeg+emg,2,0.6080271743988558
adapt_adaptation,52,eeg+emg+fp,3,0.8671072791883825
adapt_adaptation,52,eeg+emg+imu,3,0.9427904200028094
adapt_adaptation,52,eeg+emg+imu+fp,4,0.936862590170171
centaur_adaptation,52,fp,1,0.9372231597479604
centaur_adaptation,52,imu,1,0.968411214953271
centaur_adaptation,52,imu+fp,2,0.9749415232281277
centaur_adaptation,52,emg,1,0.5710030013097692
centaur_adaptation,52,emg+fp,2,0.9618876040444668
centaur_adaptation,52,emg+imu,2,0.9616939287436154
centaur_adaptation,52,emg+imu+fp,3,0.9810645673983727
centaur_adaptation,52,eeg,1,0.4903014969428631
centaur_adaptation,52,eeg+fp,2,0.9304529018814733
centaur_adaptation,52,eeg+imu,2,0.968411214953271
centaur_adaptation,52,eeg+imu+fp,3,0.9749415232281277
centaur_adaptation,52,eeg+emg,2,0.5630050505050505
centaur_adaptation,52,eeg+emg+fp,3,0.9491674643822886
centaur_adaptation,52,eeg+emg+imu,3,0.9616939287436154
centaur_adaptation,52,eeg+emg+imu+fp,4,0.9810645673983727
cimsleepnet_adaptation,52,fp,1,0.8214689265536723
cimsleepnet_adaptation,52,imu,1,0.9299916457811195
cimsleepnet_adaptation,52,imu+fp,2,0.917947031552341
cimsleepnet_adaptation,52,emg,1,0.5864284841182531
cimsleepnet_adaptation,52,emg+fp,2,0.8083845051546575
cimsleepnet_adaptation,52,emg+imu,2,0.8907968626448293
cimsleepnet_adaptation,52,emg+imu+fp,3,0.9114651308199696
cimsleepnet_adaptation,52,eeg,1,0.4562846466279665
cimsleepnet_adaptation,52,eeg+fp,2,0.8213009558803952
cimsleepnet_adaptation,52,eeg+imu,2,0.9231240946913228
cimsleepnet_adaptation,52,eeg+imu+fp,3,0.917947031552341
cimsleepnet_adaptation,52,eeg+emg,2,0.5699809691114038
cimsleepnet_adaptation,52,eeg+emg+fp,3,0.7939677497199621
cimsleepnet_adaptation,52,eeg+emg+imu,3,0.9041307791307792
cimsleepnet_adaptation,52,eeg+emg+imu+fp,4,0.904948426687557
adapt_adaptation,53,fp,1,0.8846171802054155
adapt_adaptation,53,imu,1,0.9227709358081159
adapt_adaptation,53,imu+fp,2,0.9172978997261328
adapt_adaptation,53,emg,1,0.5647687101128346
adapt_adaptation,53,emg+fp,2,0.8913403199117486
adapt_adaptation,53,emg+imu,2,0.9351919819311124
adapt_adaptation,53,emg+imu+fp,3,0.9297561491109878
adapt_adaptation,53,eeg,1,0.43685728551707936
adapt_adaptation,53,eeg+fp,2,0.8781126785244896
adapt_adaptation,53,eeg+imu,2,0.9041307791307792
adapt_adaptation,53,eeg+imu+fp,3,0.9169604386995691
adapt_adaptation,53,eeg+emg,2,0.5835458743019193
adapt_adaptation,53,eeg+emg+fp,3,0.8849424385138671
adapt_adaptation,53,eeg+emg+imu,3,0.9293918032458968
adapt_adaptation,53,eeg+emg+imu+fp,4,0.9362991618310766
centaur_adaptation,53,fp,1,0.8984804567413263
centaur_adaptation,53,imu,1,0.9491637549499184
centaur_adaptation,53,imu+fp,2,0.962034676987948
centaur_adaptation,53,emg,1,0.5636993649350225
centaur_adaptation,53,emg+fp,2,0.9113139986565028
centaur_adaptation,53,emg+imu,2,0.9555140186915887
centaur_adaptation,53,emg+imu+fp,3,0.974698346144887
centaur_adaptation,53,eeg,1,0.449793488503166
centaur_adaptation,53,eeg+fp,2,0.8920150129017124
centaur_adaptation,53,eeg+imu,2,0.9491637549499184
centaur_adaptation,53,eeg+imu+fp,3,0.968411214953271
centaur_adaptation,53,eeg+emg,2,0.6044287188559635
centaur_adaptation,53,eeg+emg+fp,3,0.9113139986565028
centaur_adaptation,53,eeg+emg+imu,3,0.9555140186915887
centaur_adaptation,53,eeg+emg+imu+fp,4,0.9621933621933622
cimsleepnet_adaptation,53,fp,1,0.8978197945845005
cimsleepnet_adaptation,53,imu,1,0.9745580564987574
cimsleepnet_adaptation,53,imu+fp,2,0.9742869386616038
cimsleepnet_adaptation,53,emg,1,0.5410000229193223
cimsleepnet_adaptation,53,emg+fp,2,0.9106293706293705
cimsleepnet_adaptation,53,emg+imu,2,0.9552952485195476
cimsleepnet_adaptation,53,emg+imu+fp,3,0.9742869386616038
cimsleepnet_adaptation,53,eeg,1,0.45309579791402904
cimsleepnet_adaptation,53,eeg+fp,2,0.8913403199117486
cimsleepnet_adaptation,53,eeg+imu,2,0.9680537916013395
cimsleepnet_adaptation,53,eeg+imu+fp,3,0.9742869386616038
cimsleepnet_adaptation,53,eeg+emg,2,0.5333056296982969
cimsleepnet_adaptation,53,eeg+emg+fp,3,0.9044555605764976
cimsleepnet_adaptation,53,eeg+emg+imu,3,0.9680537916013395
cimsleepnet_adaptation,53,eeg+emg+imu+fp,4,0.9742869386616038
rapid_embracenet_fasca_kd,51,fp,1,0.9109105180533752
rapid_embracenet_fasca_kd,51,imu,1,0.9612412469217538
rapid_embracenet_fasca_kd,51,imu+fp,2,0.9745580564987574
rapid_embracenet_fasca_kd,51,emg,1,0.6136595310907237
rapid_embracenet_fasca_kd,51,emg+fp,2,0.8914460118578229
rapid_embracenet_fasca_kd,51,emg+imu,2,0.9612412469217538
rapid_embracenet_fasca_kd,51,emg+imu+fp,3,0.9745580564987574
rapid_embracenet_fasca_kd,51,eeg,1,0.47018736949037754
rapid_embracenet_fasca_kd,51,eeg+fp,2,0.9113242552595652
rapid_embracenet_fasca_kd,51,eeg+imu,2,0.9612412469217538
rapid_embracenet_fasca_kd,51,eeg+imu+fp,3,0.9745580564987574
rapid_embracenet_fasca_kd,51,eeg+emg,2,0.6274709540173458
rapid_embracenet_fasca_kd,51,eeg+emg+fp,3,0.9112661612661612
rapid_embracenet_fasca_kd,51,eeg+emg+imu,3,0.9612412469217538
rapid_embracenet_fasca_kd,51,eeg+emg+imu+fp,4,0.9745580564987574
rapid_embracenet_fasca_kd,52,fp,1,0.9557464573040897
rapid_embracenet_fasca_kd,52,imu,1,0.9745580564987574
rapid_embracenet_fasca_kd,52,imu+fp,2,0.9622081422620505
rapid_embracenet_fasca_kd,52,emg,1,0.5972409582389657
rapid_embracenet_fasca_kd,52,emg+fp,2,0.9425668043162819
rapid_embracenet_fasca_kd,52,emg+imu,2,0.9748034748034748
rapid_embracenet_fasca_kd,52,emg+imu+fp,3,0.9810485810485811
rapid_embracenet_fasca_kd,52,eeg,1,0.5202071372284137
rapid_embracenet_fasca_kd,52,eeg+fp,2,0.9557464573040897
rapid_embracenet_fasca_kd,52,eeg+imu,2,0.9745580564987574
rapid_embracenet_fasca_kd,52,eeg+imu+fp,3,0.9622081422620505
rapid_embracenet_fasca_kd,52,eeg+emg,2,0.5811848327312245
rapid_embracenet_fasca_kd,52,eeg+emg+fp,3,0.9428438228438228
rapid_embracenet_fasca_kd,52,eeg+emg+imu,3,0.9748034748034748
rapid_embracenet_fasca_kd,52,eeg+emg+imu+fp,4,0.9810485810485811
rapid_embracenet_fasca_kd,53,fp,1,0.9296939156727975
rapid_embracenet_fasca_kd,53,imu,1,0.9557442956975667
rapid_embracenet_fasca_kd,53,imu+fp,2,0.9682273622656359
rapid_embracenet_fasca_kd,53,emg,1,0.606755870392234
rapid_embracenet_fasca_kd,53,emg+fp,2,0.9362041132571127
rapid_embracenet_fasca_kd,53,emg+imu,2,0.9557442956975667
rapid_embracenet_fasca_kd,53,emg+imu+fp,3,0.9808722741433021
rapid_embracenet_fasca_kd,53,eeg,1,0.4169727218507706
rapid_embracenet_fasca_kd,53,eeg+fp,2,0.9361903180609322
rapid_embracenet_fasca_kd,53,eeg+imu,2,0.9557442956975667
rapid_embracenet_fasca_kd,53,eeg+imu+fp,3,0.9746787603930461
rapid_embracenet_fasca_kd,53,eeg+emg,2,0.6052836052836051
rapid_embracenet_fasca_kd,53,eeg+emg+fp,3,0.9364335664335665
rapid_embracenet_fasca_kd,53,eeg+emg+imu,3,0.962163109075143
rapid_embracenet_fasca_kd,53,eeg+emg+imu+fp,4,0.9745818774749592
