method,seed,full,incomplete_14,mean_15,worst_15,availability_depth_balanced,single_modality,two_modalities,three_modalities,fault_30,joint_channel_dropout_30,joint_structured_dropout_30
centaur_adaptation,51,0.9813084112149534,0.8696460430004725,0.877090200881438,0.4812835941476718,0.8943201721456696,0.7415315504754563,0.8955777462678585,0.95886298062441,0.9515902624866049,0.9490491165019468,0.8706330219488114
centaur_adaptation,52,0.9810645673983728,0.8710141842901623,0.8783508764973763,0.4903014969428631,0.8957287151169018,0.7417347182384659,0.8933987038926675,0.9667168709381012,0.9429612147011468,0.9300692455094172,0.8589186888037462
centaur_adaptation,53,0.9621933621933622,0.8532532017585225,0.8605158791208452,0.449793488503166,0.8772600966486387,0.7152842662823583,0.8790783635072722,0.9524843946115624,0.9357457985528721,0.9237047468168748,0.8128678437667203
adapt_adaptation,51,0.9175759943360956,0.8258588013578302,0.8319732808897146,0.4158009703757455,0.8459245217155907,0.7064101193152712,0.8487674244522775,0.9109445487587186,0.8012498508292566,0.3146716668619868,0.2757350369750485
adapt_adaptation,52,0.936862590170171,0.8373145678382002,0.8439511026603316,0.484693231444998,0.8592758844100441,0.7232881275620695,0.8607200799273903,0.9162327399805458,0.8244294158241368,0.3532126592416129,0.3719177398422681
adapt_adaptation,53,0.9362991618310766,0.8271203196242821,0.834398909104735,0.4368572855170793,0.8513546631805538,0.7022535279108613,0.851603255587697,0.9152627073925802,0.8046921895107815,0.3183172633959799,0.3255926463473633
cimsleepnet_adaptation,51,0.9421914594664936,0.8376278011571222,0.8445987117110804,0.4272668007541494,0.8607222417904394,0.7172261333794805,0.8619995927093275,0.9214717816064564,0.8131852133929294,0.3133892409254728,0.272053872053872
cimsleepnet_adaptation,52,0.904948426687557,0.8038013438099296,0.8105444826684381,0.4562846466279665,0.8268229821090161,0.6985434257702529,0.8219224031724917,0.881877672805763,0.7796932975072107,0.3036712043727694,0.290414688192466
cimsleepnet_adaptation,53,0.9742869386616038,0.8514620143171117,0.8596503426067446,0.453095797914029,0.8795820117965838,0.7166184179791523,0.8721518831703178,0.9552708073752612,0.8473868687887414,0.3418562417815354,0.309609107555131
embracenet_fasca_kd,51,0.9745580564987574,0.8646359970156184,0.8719641343144944,0.4701873694903775,0.8892109746075848,0.7389996663890576,0.8878802952461665,0.9554058802963576,0.9133921786808894,0.662307510068704,0.6980351503633099
embracenet_fasca_kd,52,0.9810485810485812,0.8785517427245739,0.8853848652795077,0.5202071372284137,0.9016810083145667,0.7619381523175566,0.8985112946526465,0.9652260052394824,0.9277050616501228,0.6643097643097643,0.6731549252097198
embracenet_fasca_kd,53,0.9745818774749592,0.8657648931372032,0.8730193587597203,0.4169727218507706,0.889577376066659,0.7272917009033422,0.89289899837707,0.9635369275112644,0.9130370304000034,0.5696624635443472,0.6498109837155202
