evaluation,scenario,method,trials,subjects,accuracy,macro_f1,brier
observed_incomplete_trials,source_observed,embracenet,20,10,0.9,0.8854864433811801,0.1803054962385784
observed_incomplete_trials,source_observed,fasca,20,10,0.95,0.9521531100478469,0.12023385926974921
observed_schema_replay,observed_schema_zero,embracenet,157,55,0.9681528662420382,0.9679653679653679,0.05572711990452864
observed_schema_replay,observed_schema_zero,fasca,157,55,0.9808917197452229,0.980793380543506,0.03433585925651583
observed_schema_replay,observed_schema_zero,fter,157,55,0.9808917197452229,0.980793380543506,0.03433585925651583
observed_schema_replay,observed_schema_1pct,embracenet,157,55,0.9681528662420382,0.9679653679653679,0.05572903038080102
observed_schema_replay,observed_schema_1pct,fasca,157,55,0.9808917197452229,0.980793380543506,0.0343359984653504
observed_schema_replay,observed_schema_1pct,fter,157,55,0.9808917197452229,0.980793380543506,0.0343359984653504
observed_schema_replay,observed_schema_5pct,embracenet,157,55,0.9681528662420382,0.9679653679653679,0.055734810972096684
observed_schema_replay,observed_schema_5pct,fasca,157,55,0.9808917197452229,0.980793380543506,0.03433470488973475
observed_schema_replay,observed_schema_5pct,fter,157,55,0.9808917197452229,0.980793380543506,0.03433470488973475
observed_schema_replay,observed_schema_10pct,embracenet,157,55,0.9681528662420382,0.9679653679653679,0.055738058393465316
observed_schema_replay,observed_schema_10pct,fasca,157,55,0.9808917197452229,0.980793380543506,0.03432882743547113
observed_schema_replay,observed_schema_10pct,fter,157,55,0.9808917197452229,0.980793380543506,0.03432882743547113
observed_schema_replay,observed_eeg_rejected,embracenet,157,55,0.9681528662420382,0.9679653679653679,0.055243551585575
observed_schema_replay,observed_eeg_rejected,fasca,157,55,0.9808917197452229,0.980793380543506,0.03405640387572232
observed_schema_replay,observed_eeg_rejected,fter,157,55,0.9808917197452229,0.980793380543506,0.03405640387572232
