evaluation,scenario,method,seed,scope,trials,subjects,accuracy,macro_f1,brier
observed_incomplete_trials,source_observed,embracenet,51,all,20,10,0.9,0.9074074074074074,0.17609295446894815
observed_incomplete_trials,source_observed,embracenet,51,heldout_fold_subjects,8,6,0.875,0.8962962962962964,0.17570394796520877
observed_incomplete_trials,source_observed,embracenet,51,fully_unseen_subjects,12,4,0.9166666666666666,0.9153439153439153,0.17635229213810774
observed_incomplete_trials,source_observed,fasca,51,all,20,10,0.9,0.9,0.11218200273436996
observed_incomplete_trials,source_observed,fasca,51,heldout_fold_subjects,8,6,0.875,0.8585858585858586,0.09967822025194367
observed_incomplete_trials,source_observed,fasca,51,fully_unseen_subjects,12,4,0.9166666666666666,0.9153439153439153,0.12051785772265412
observed_incomplete_trials,source_observed,embracenet,52,all,20,10,0.85,0.8417508417508417,0.20613712675563162
observed_incomplete_trials,source_observed,embracenet,52,heldout_fold_subjects,8,6,0.75,0.6851851851851851,0.2887352712777095
observed_incomplete_trials,source_observed,embracenet,52,fully_unseen_subjects,12,4,0.9166666666666666,0.9153439153439153,0.15107169707424642
observed_incomplete_trials,source_observed,fasca,52,all,20,10,0.9,0.9074074074074074,0.14483677217248972
observed_incomplete_trials,source_observed,fasca,52,heldout_fold_subjects,8,6,0.875,0.8962962962962964,0.1544336771106738
observed_incomplete_trials,source_observed,fasca,52,fully_unseen_subjects,12,4,0.9166666666666666,0.9153439153439153,0.13843883554703368
observed_incomplete_trials,source_observed,embracenet,53,all,20,10,0.9,0.8854864433811801,0.173715854707503
observed_incomplete_trials,source_observed,embracenet,53,heldout_fold_subjects,8,6,0.875,0.7777777777777777,0.2083770906093722
observed_incomplete_trials,source_observed,embracenet,53,fully_unseen_subjects,12,4,0.9166666666666666,0.9153439153439153,0.15060836410625691
observed_incomplete_trials,source_observed,fasca,53,all,20,10,0.95,0.9521531100478469,0.12354895505784189
observed_incomplete_trials,source_observed,fasca,53,heldout_fold_subjects,8,6,1.0,1.0,0.086737282787113
observed_incomplete_trials,source_observed,fasca,53,fully_unseen_subjects,12,4,0.9166666666666666,0.9153439153439153,0.14809006990499443
observed_schema_replay,observed_schema_zero,embracenet,51,all,157,55,0.9617834394904459,0.9614660272342213,0.06794166088201278
observed_schema_replay,observed_schema_zero,fasca,51,all,157,55,0.9745222929936306,0.9745580564987574,0.05023282629102976
observed_schema_replay,observed_schema_zero,fter,51,all,157,55,0.9745222929936306,0.9745580564987574,0.05023282629102976
observed_schema_replay,observed_schema_1pct,embracenet,51,all,157,55,0.9617834394904459,0.9614660272342213,0.06794980516780169
observed_schema_replay,observed_schema_1pct,fasca,51,all,157,55,0.9745222929936306,0.9745580564987574,0.050233041804540524
observed_schema_replay,observed_schema_1pct,fter,51,all,157,55,0.9745222929936306,0.9745580564987574,0.050233041804540524
observed_schema_replay,observed_schema_5pct,embracenet,51,all,157,55,0.9617834394904459,0.9614660272342213,0.06798037530210563
observed_schema_replay,observed_schema_5pct,fasca,51,all,157,55,0.9745222929936306,0.9745580564987574,0.05023142184889957
observed_schema_replay,observed_schema_5pct,fter,51,all,157,55,0.9745222929936306,0.9745580564987574,0.05023142184889957
observed_schema_replay,observed_schema_10pct,embracenet,51,all,157,55,0.9617834394904459,0.9614660272342213,0.06801410641701636
observed_schema_replay,observed_schema_10pct,fasca,51,all,157,55,0.9745222929936306,0.9745580564987574,0.05022392047974874
observed_schema_replay,observed_schema_10pct,fter,51,all,157,55,0.9745222929936306,0.9745580564987574,0.05022392047974874
observed_schema_replay,observed_eeg_rejected,embracenet,51,all,157,55,0.9490445859872612,0.9488215488215488,0.06851224066173077
observed_schema_replay,observed_eeg_rejected,fasca,51,all,157,55,0.9745222929936306,0.9745580564987574,0.05078108855442501
observed_schema_replay,observed_eeg_rejected,fter,51,all,157,55,0.9745222929936306,0.9745580564987574,0.05078108855442501
observed_schema_replay,observed_schema_zero,embracenet,52,all,157,55,0.9617834394904459,0.9618137881121737,0.06343727354381343
observed_schema_replay,observed_schema_zero,fasca,52,all,157,55,0.9808917197452229,0.9810485810485811,0.03667796896721876
observed_schema_replay,observed_schema_zero,fter,52,all,157,55,0.9808917197452229,0.9810485810485811,0.03667796896721876
observed_schema_replay,observed_schema_1pct,embracenet,52,all,157,55,0.9617834394904459,0.9618137881121737,0.06344232010125452
observed_schema_replay,observed_schema_1pct,fasca,52,all,157,55,0.9808917197452229,0.9810485810485811,0.03668384897221627
observed_schema_replay,observed_schema_1pct,fter,52,all,157,55,0.9808917197452229,0.9810485810485811,0.03668384897221627
observed_schema_replay,observed_schema_5pct,embracenet,52,all,157,55,0.9617834394904459,0.9618137881121737,0.06345999024587366
observed_schema_replay,observed_schema_5pct,fasca,52,all,157,55,0.9808917197452229,0.9810485810485811,0.036704028799789366
observed_schema_replay,observed_schema_5pct,fter,52,all,157,55,0.9808917197452229,0.9810485810485811,0.036704028799789366
observed_schema_replay,observed_schema_10pct,embracenet,52,all,157,55,0.9617834394904459,0.9618137881121737,0.06347658087908785
observed_schema_replay,observed_schema_10pct,fasca,52,all,157,55,0.9808917197452229,0.9810485810485811,0.036721756420039976
observed_schema_replay,observed_schema_10pct,fter,52,all,157,55,0.9808917197452229,0.9810485810485811,0.036721756420039976
observed_schema_replay,observed_eeg_rejected,embracenet,52,all,157,55,0.9617834394904459,0.9618137881121737,0.06289284735012796
observed_schema_replay,observed_eeg_rejected,fasca,52,all,157,55,0.9808917197452229,0.9810485810485811,0.03659164916212809
observed_schema_replay,observed_eeg_rejected,fter,52,all,157,55,0.9808917197452229,0.9810485810485811,0.03659164916212809
observed_schema_replay,observed_schema_zero,embracenet,53,all,157,55,0.9745222929936306,0.9744522144522145,0.05822594640551871
observed_schema_replay,observed_schema_zero,fasca,53,all,157,55,0.9745222929936306,0.9745818774749592,0.036540272526638974
observed_schema_replay,observed_schema_zero,fter,53,all,157,55,0.9745222929936306,0.9745818774749592,0.036540272526638974
observed_schema_replay,observed_schema_1pct,embracenet,53,all,157,55,0.9745222929936306,0.9744522144522145,0.0582213595824466
observed_schema_replay,observed_schema_1pct,fasca,53,all,157,55,0.9745222929936306,0.9745818774749592,0.036535384256308825
observed_schema_replay,observed_schema_1pct,fter,53,all,157,55,0.9745222929936306,0.9745818774749592,0.036535384256308825
observed_schema_replay,observed_schema_5pct,embracenet,53,all,157,55,0.9745222929936306,0.9744522144522145,0.058202996663844576
observed_schema_replay,observed_schema_5pct,fasca,53,all,157,55,0.9745222929936306,0.9745818774749592,0.03651537466247308
observed_schema_replay,observed_schema_5pct,fter,53,all,157,55,0.9745222929936306,0.9745818774749592,0.03651537466247308
observed_schema_replay,observed_schema_10pct,embracenet,53,all,157,55,0.9745222929936306,0.9744522144522145,0.05818115482437256
observed_schema_replay,observed_schema_10pct,fasca,53,all,157,55,0.9745222929936306,0.9745818774749592,0.03648896786369996
observed_schema_replay,observed_schema_10pct,fter,53,all,157,55,0.9745222929936306,0.9745818774749592,0.03648896786369996
observed_schema_replay,observed_eeg_rejected,embracenet,53,all,157,55,0.9745222929936306,0.9744522144522145,0.058677570057945896
observed_schema_replay,observed_eeg_rejected,fasca,53,all,157,55,0.9808917197452229,0.9808722741433021,0.03614835633013915
observed_schema_replay,observed_eeg_rejected,fter,53,all,157,55,0.9808917197452229,0.9808722741433021,0.03614835633013915
