method,subject,score
actionmae,1,0.7475630106644188
actionmae,2,0.6307014026075757
actionmae,3,0.7335691568215426
actionmae,4,0.7246202351033278
actionmae,5,0.7286965764024268
actionmae,6,0.7837027492550667
actionmae,7,0.7252316253514657
actionmae,8,0.7559202441971152
actionmae,9,0.6728409110963162
actionmae,10,0.5867419440880141
actionmae,11,0.77829254612557
actionmae,12,0.7669058667221061
actionmae,13,0.7593319917568766
actionmae,14,0.7732088733463692
actionmae,15,0.6740396112639643
actionmae,16,0.7280723090611706
actionmae,17,0.7539186899774419
actionmae,18,0.8121566175147447
fasca_kd,1,0.736239599621145
fasca_kd,2,0.6305546286811886
fasca_kd,3,0.7403209399905185
fasca_kd,4,0.7475831163952645
fasca_kd,5,0.7233266696720997
fasca_kd,6,0.7642932862455115
fasca_kd,7,0.7683264102022296
fasca_kd,8,0.7663380884050004
fasca_kd,9,0.6702402146165114
fasca_kd,10,0.5736222170615503
fasca_kd,11,0.7880097300468748
fasca_kd,12,0.7622116602207384
fasca_kd,13,0.7652428384994158
fasca_kd,14,0.7830869065246406
fasca_kd,15,0.654039772542342
fasca_kd,16,0.7601413166443102
fasca_kd,17,0.7668399553018884
fasca_kd,18,0.8179414997487137
