method,display_name,corruption,mean,std
actionmae,ActionMAE-style,all_gain_1.5,0.8771575468768701,0.02085889522050305
actionmae,ActionMAE-style,all_noise_10db,0.9644781397215025,0.011156969876701391
actionmae,ActionMAE-style,all_packet_loss_30,0.9597924826954355,0.004957816186924611
actionmae,ActionMAE-style,all_shift_250ms,0.9737383113105721,0.008245427993088743
actionmae,ActionMAE-style,clean,0.9727037104339543,0.009096684499614179
actionmae,ActionMAE-style,emg_lead_dropout_1of2,0.9708881370844612,0.0076160970262736695
actionmae,ActionMAE-style,imu_node_dropout_2of6,0.8480260270173603,0.004677750028629549
balanced_kd,RAPID-Gait+KD,all_gain_1.5,0.9044827692687524,0.013751838396654475
balanced_kd,RAPID-Gait+KD,all_noise_10db,0.972146485740323,0.007910138873025264
balanced_kd,RAPID-Gait+KD,all_packet_loss_30,0.9709514298585504,0.011317054180218158
balanced_kd,RAPID-Gait+KD,all_shift_250ms,0.9754209623570055,0.007008493647377463
balanced_kd,RAPID-Gait+KD,clean,0.9754261714706652,0.007066932486218333
balanced_kd,RAPID-Gait+KD,emg_lead_dropout_1of2,0.9698380905830001,0.008691035573237964
balanced_kd,RAPID-Gait+KD,imu_node_dropout_2of6,0.8710095573399901,0.04722979655753214
compass,COMPASS-style,all_gain_1.5,0.8320645501582531,0.014013374867580105
compass,COMPASS-style,all_noise_10db,0.9388909279111646,0.010803636609855082
compass,COMPASS-style,all_packet_loss_30,0.9582555274089075,0.004081222470735714
compass,COMPASS-style,all_shift_250ms,0.9594995991060769,0.007362902355175102
compass,COMPASS-style,clean,0.9560458117849074,0.007370186366541312
compass,COMPASS-style,emg_lead_dropout_1of2,0.9641325856446025,0.005593447961566256
compass,COMPASS-style,imu_node_dropout_2of6,0.83123475800208,0.025274133305608345
embracenet,EmbraceNet-adaptation,all_gain_1.5,0.8680491335933963,0.0705224298689238
embracenet,EmbraceNet-adaptation,all_noise_10db,0.9459885232849014,0.017006656239916554
embracenet,EmbraceNet-adaptation,all_packet_loss_30,0.954957014326936,0.010230926579968352
embracenet,EmbraceNet-adaptation,all_shift_250ms,0.9542451883333466,0.020964701229894047
embracenet,EmbraceNet-adaptation,clean,0.9522385495451814,0.021468887446928344
embracenet,EmbraceNet-adaptation,emg_lead_dropout_1of2,0.953744634988522,0.01934470147063912
embracenet,EmbraceNet-adaptation,imu_node_dropout_2of6,0.8422919808353436,0.010693869927376696
fasca_kd,RAPID-Gait+FASCA,all_gain_1.5,0.925944363884252,0.006428973817512685
fasca_kd,RAPID-Gait+FASCA,all_noise_10db,0.9778123870965981,0.0020131225749817593
fasca_kd,RAPID-Gait+FASCA,all_packet_loss_30,0.9789860262418307,0.004134028071095815
fasca_kd,RAPID-Gait+FASCA,all_shift_250ms,0.9798322616569944,0.002690806969108434
fasca_kd,RAPID-Gait+FASCA,clean,0.9799851301615689,0.0017485334334963474
fasca_kd,RAPID-Gait+FASCA,emg_lead_dropout_1of2,0.9801457497469049,0.0013033762598909082
fasca_kd,RAPID-Gait+FASCA,imu_node_dropout_2of6,0.9344222843065948,0.021110761496995468
moddrop,ModDrop,all_gain_1.5,0.9004291359990878,0.03184444739072549
moddrop,ModDrop,all_noise_10db,0.9535656464597251,0.021905227593593167
moddrop,ModDrop,all_packet_loss_30,0.945243145444071,0.01818075106038513
moddrop,ModDrop,all_shift_250ms,0.9584904250162446,0.014395972521616243
moddrop,ModDrop,clean,0.9612914895502639,0.013925503478109278
moddrop,ModDrop,emg_lead_dropout_1of2,0.9589804108028922,0.014202480223033177
moddrop,ModDrop,imu_node_dropout_2of6,0.8175317559195774,0.02215803357734309
