method,seed,full,incomplete,mean_all,worst,display_name
actionmae,71,0.9622182382490594,0.661564877465107,0.7617826643930911,0.3534769018059366,ActionMAE-style
compass,71,0.9481395734372776,0.6645068042095603,0.7590510606187993,0.3584549344364564,COMPASS-style
embracenet,71,0.9361996637784016,0.6296481299699626,0.7318319745727756,0.321396091440782,EmbraceNet-adaptation
moddrop,71,0.9497495774381473,0.6319134146941487,0.7378588022754816,0.3151990220740897,ModDrop
actionmae,72,0.9784857272328688,0.6564192375469263,0.7637747341089072,0.3362625090234624,ActionMAE-style
compass,72,0.957271625792372,0.6523599069189705,0.7539971465434375,0.3273903452535011,COMPASS-style
embracenet,72,0.9766280484983904,0.650621480827943,0.7592903367180921,0.3252966479220854,EmbraceNet-adaptation
moddrop,72,0.9767582099246194,0.6539444409758152,0.7615490306254166,0.3326169139519457,ModDrop
actionmae,73,0.9774071658199348,0.6633651216438393,0.7680458030358711,0.3469332554163205,ActionMAE-style
compass,73,0.9627262361250728,0.6558163389703957,0.7581196380219547,0.3347010930646366,COMPASS-style
embracenet,73,0.9438879363587525,0.6489293259498401,0.7472488627528109,0.3460664103280704,EmbraceNet-adaptation
moddrop,73,0.957366681288025,0.6492292723540039,0.7519417419986776,0.3341344471400165,ModDrop
balanced_kd,71,0.980763766105428,0.6767127848668604,0.7780631119463829,0.3733716495033695,RAPID-Gait+KD
fasca_kd,71,0.9820019241003,0.673005341761646,0.7760042025411972,0.3646551542914041,RAPID-Gait+FASCA
balanced_kd,72,0.978102848631848,0.654877510806173,0.762619290081398,0.3280087267957579,RAPID-Gait+KD
fasca_kd,72,0.9790590485891696,0.6602146692255868,0.7664961290134477,0.3378567505418229,RAPID-Gait+FASCA
balanced_kd,73,0.9674118996747196,0.656407702952113,0.7600757685263152,0.3414035023303579,RAPID-Gait+KD
fasca_kd,73,0.9788944177952372,0.658520320878039,0.765311686517105,0.3357996911387804,RAPID-Gait+FASCA
