method,seed,available_modalities,test_windows,window_macro_f1
actionmae,71,imu,12579,0.9696528531242773
actionmae,71,emg,12579,0.35347690180593666
actionmae,71,emg+imu,12579,0.9622182382490594
compass,71,imu,12579,0.9705586739826642
compass,71,emg,12579,0.35845493443645643
compass,71,emg+imu,12579,0.9481395734372775
embracenet,71,imu,12579,0.937900168499143
embracenet,71,emg,12579,0.321396091440782
embracenet,71,emg+imu,12579,0.9361996637784017
moddrop,71,imu,12579,0.9486278073142079
moddrop,71,emg,12579,0.3151990220740897
moddrop,71,emg+imu,12579,0.9497495774381471
actionmae,72,imu,12579,0.9765759660703903
actionmae,72,emg,12579,0.3362625090234624
actionmae,72,emg+imu,12579,0.9784857272328689
compass,72,imu,12579,0.9773294685844399
compass,72,emg,12579,0.32739034525350114
compass,72,emg+imu,12579,0.9572716257923719
embracenet,72,imu,12579,0.9759463137338006
embracenet,72,emg,12579,0.3252966479220854
embracenet,72,emg+imu,12579,0.9766280484983904
moddrop,72,imu,12579,0.9752719679996846
moddrop,72,emg,12579,0.3326169139519457
moddrop,72,emg+imu,12579,0.9767582099246194
actionmae,73,imu,12579,0.979796987871358
actionmae,73,emg,12579,0.34693325541632053
actionmae,73,emg+imu,12579,0.9774071658199348
compass,73,imu,12579,0.9769315848761548
compass,73,emg,12579,0.3347010930646366
compass,73,emg+imu,12579,0.9627262361250727
embracenet,73,imu,12579,0.9517922415716098
embracenet,73,emg,12579,0.3460664103280704
embracenet,73,emg+imu,12579,0.9438879363587523
moddrop,73,imu,12579,0.9643240975679913
moddrop,73,emg,12579,0.3341344471400165
moddrop,73,emg+imu,12579,0.957366681288025
