method,seed,full,incomplete_mean,mean_3,worst
actionmae,71,0.9622182382490594,0.661564877465107,0.7617826643930911,0.35347690180593666
compass,71,0.9481395734372775,0.6645068042095603,0.7590510606187993,0.35845493443645643
embracenet,71,0.9361996637784017,0.6296481299699626,0.7318319745727756,0.321396091440782
moddrop,71,0.9497495774381471,0.6319134146941487,0.7378588022754816,0.3151990220740897
actionmae,72,0.9784857272328689,0.6564192375469263,0.7637747341089072,0.3362625090234624
compass,72,0.9572716257923719,0.6523599069189705,0.7539971465434375,0.32739034525350114
embracenet,72,0.9766280484983904,0.650621480827943,0.7592903367180921,0.3252966479220854
moddrop,72,0.9767582099246194,0.6539444409758152,0.7615490306254166,0.3326169139519457
actionmae,73,0.9774071658199348,0.6633651216438393,0.7680458030358711,0.34693325541632053
compass,73,0.9627262361250727,0.6558163389703957,0.7581196380219547,0.3347010930646366
embracenet,73,0.9438879363587523,0.6489293259498401,0.7472488627528109,0.3460664103280704
moddrop,73,0.957366681288025,0.6492292723540039,0.7519417419986776,0.3341344471400165
