scope,study,method,condition,subjects,pd_subjects,control_subjects,accuracy,balanced_accuracy,macro_f1,auroc,sensitivity,specificity,brier,ece10,nll,selective_accuracy_80,aurc,mean_exact_route_rate
all_studies,all,baseline,clean_both,165,93,72,0.7454545454545455,0.741263440860215,0.741263440860215,0.793384109916368,0.7741935483870968,0.7083333333333334,0.3692780701918705,0.089032081670909,0.6024087923997645,0.7878787878787878,0.19205562541450796,0.0
held_out_study,Ga,baseline,clean_both,47,29,18,0.6808510638297872,0.6254789272030651,0.6259946949602122,0.6724137931034483,0.8620689655172413,0.3888888888888889,0.4921710749265667,0.19351674954609932,0.83500830904822,0.7368421052631579,0.27510111457648645,0.0
held_out_study,Ju,baseline,clean_both,54,29,25,0.7407407407407407,0.7420689655172414,0.7403846153846154,0.829655172413793,0.7241379310344828,0.76,0.35082335043376894,0.09605011444567897,0.5764613123527483,0.7954545454545454,0.166505207826974,0.0
held_out_study,Si,baseline,clean_both,64,35,29,0.796875,0.8024630541871921,0.7968253968253969,0.8738916256157636,0.7428571428571429,0.8620689655172413,0.2945996896357261,0.10389119818281253,0.45348670865072516,0.8269230769230769,0.10432604057319599,0.0
all_studies,all,baseline,left_only,165,93,72,0.7212121212121212,0.719758064516129,0.7182209682209681,0.7736708482676224,0.7311827956989247,0.7083333333333334,0.39835907638095314,0.08818491529080813,0.6352976423484997,0.7651515151515151,0.20148687347810892,0.0
held_out_study,Ga,baseline,left_only,47,29,18,0.6382978723404256,0.6015325670498084,0.6030799801291604,0.6590038314176245,0.7586206896551724,0.4444444444444444,0.5241763441566616,0.19921321041737586,0.8399891099059942,0.6842105263157895,0.2719509775643674,0.0
held_out_study,Ju,baseline,left_only,54,29,25,0.6851851851851852,0.6848275862068967,0.6842105263157894,0.7662068965517241,0.6896551724137931,0.68,0.4210231421188159,0.17441257726851844,0.6957234623111198,0.7727272727272727,0.21391730492579367,0.0
held_out_study,Si,baseline,left_only,64,35,29,0.8125,0.819704433497537,0.8125,0.8866995073891626,0.7428571428571429,0.896551724137931,0.28683921489184555,0.08629935281562492,0.43399306026750384,0.8461538461538461,0.08150040080916121,0.0
all_studies,all,baseline,right_only,165,93,72,0.7393939393939394,0.7374551971326164,0.7362551578008252,0.7702359617682198,0.7526881720430108,0.7222222222222222,0.39620529499818996,0.11531412350773743,0.660388937913994,0.7651515151515151,0.22861042713446245,0.0
held_out_study,Ga,baseline,right_only,47,29,18,0.7021276595744681,0.6532567049808429,0.6572916666666666,0.6379310344827587,0.8620689655172413,0.4444444444444444,0.517450146140987,0.22367007738297864,0.9306555929254444,0.7105263157894737,0.3116556950225594,0.0
held_out_study,Ju,baseline,right_only,54,29,25,0.8148148148148148,0.816551724137931,0.8145604395604396,0.8186206896551724,0.7931034482758621,0.84,0.33593257532244053,0.1252640353395062,0.5685639721929578,0.8181818181818182,0.17288840536511169,0.0
held_out_study,Si,baseline,right_only,64,35,29,0.703125,0.7108374384236453,0.703052503052503,0.8394088669950739,0.6285714285714286,0.7931034482758621,0.35802121466661196,0.07003968604338542,0.5393891779670843,0.7692307692307693,0.15247870905461558,0.0
all_studies,all,baseline,sensor_dead_bilateral,165,93,72,0.7272727272727273,0.7188620071684588,0.7203284492824589,0.7994324970131422,0.7849462365591398,0.6527777777777778,0.3552613519259959,0.06434043563777783,0.542448964423753,0.7878787878787878,0.17410618029948494,1.0
held_out_study,Ga,baseline,sensor_dead_bilateral,47,29,18,0.6382978723404256,0.5909961685823755,0.5908858166922683,0.6494252873563218,0.7931034482758621,0.3888888888888889,0.4650578193360165,0.16522881669503545,0.6972349801506184,0.6842105263157895,0.27616156948713094,1.0
held_out_study,Ju,baseline,sensor_dead_bilateral,54,29,25,0.7777777777777778,0.776551724137931,0.776551724137931,0.8524137931034483,0.7931034482758621,0.76,0.3187964846456611,0.08500042654320981,0.488110328497631,0.8181818181818182,0.11669667125457989,1.0
held_out_study,Si,baseline,sensor_dead_bilateral,64,35,29,0.75,0.7477832512315271,0.7477832512315271,0.8748768472906404,0.7714285714285715,0.7241379310344828,0.3053968029395447,0.10117482896510413,0.4746262081870015,0.8461538461538461,0.0816311562161611,1.0
all_studies,all,baseline,near_dead_bilateral,165,93,72,0.7393939393939394,0.726478494623656,0.7292088088240907,0.802120669056153,0.8279569892473119,0.625,0.3538524639888181,0.07292920551111107,0.5428749831426439,0.8106060606060606,0.17893699704270738,0.0
held_out_study,Ga,baseline,near_dead_bilateral,47,29,18,0.6808510638297872,0.6254789272030651,0.6259946949602122,0.67816091954023,0.8620689655172413,0.3888888888888889,0.4490423747982491,0.21444622487943263,0.6838532761726417,0.7105263157894737,0.27477756597651815,0.0
held_out_study,Ju,baseline,near_dead_bilateral,54,29,25,0.7407407407407407,0.7365517241379311,0.7375,0.830344827586207,0.7931034482758621,0.68,0.3264724496552911,0.12914768751234562,0.4986074528912045,0.8409090909090909,0.13459712488714112,0.0
held_out_study,Si,baseline,near_dead_bilateral,64,35,29,0.78125,0.7763546798029557,0.7777777777777778,0.8699507389162562,0.8285714285714286,0.7241379310344828,0.30704926033205554,0.10243799071354166,0.4766947778483912,0.8076923076923077,0.09234740523442328,0.0
all_studies,all,baseline,contact_loss_bilateral,165,93,72,0.7393939393939394,0.7358870967741935,0.7355079217148183,0.7955495818399044,0.7634408602150538,0.7083333333333334,0.36569100208033745,0.07497692965171712,0.5895063232277554,0.7878787878787878,0.18685815275517906,0.0
held_out_study,Ga,baseline,contact_loss_bilateral,47,29,18,0.6808510638297872,0.6254789272030651,0.6259946949602122,0.6685823754789273,0.8620689655172413,0.3888888888888889,0.4900757046196152,0.18538771817588656,0.8173788786490942,0.7105263157894737,0.2702092190931445,0.0
held_out_study,Ju,baseline,contact_loss_bilateral,54,29,25,0.7037037037037037,0.7075862068965517,0.7037037037037037,0.8372413793103448,0.6551724137931034,0.76,0.3411697615407177,0.13609154363641968,0.5517559750904552,0.8181818181818182,0.16003412383883991,0.0
held_out_study,Si,baseline,contact_loss_bilateral,64,35,29,0.8125,0.8167487684729065,0.8123167155425219,0.8719211822660098,0.7714285714285715,0.8620689655172413,0.2950357828583595,0.09199553811614582,0.4540142715810568,0.8269230769230769,0.09768714833427893,0.0
all_studies,all,baseline,saturation_bilateral,165,93,72,0.7575757575757576,0.7504480286738351,0.7518796992481203,0.7903225806451613,0.8064516129032258,0.6944444444444444,0.36281970617230735,0.09774787560868695,0.6000807191415993,0.7803030303030303,0.2013397780047004,0.0
held_out_study,Ga,baseline,saturation_bilateral,47,29,18,0.6808510638297872,0.6254789272030651,0.6259946949602122,0.6628352490421456,0.8620689655172413,0.3888888888888889,0.49789989412430175,0.20748010319574467,0.8427769151466427,0.7105263157894737,0.27858378313065213,0.0
held_out_study,Ju,baseline,saturation_bilateral,54,29,25,0.7592592592592593,0.7593103448275862,0.7585139318885449,0.8193103448275862,0.7586206896551724,0.76,0.33340420135262927,0.053631267010493804,0.5665949396846934,0.8181818181818182,0.1853854974877706,0.0
held_out_study,Si,baseline,saturation_bilateral,64,35,29,0.8125,0.8137931034482759,0.8117647058823529,0.8699507389162561,0.8,0.8275862068965517,0.2884395253366649,0.1586409966145834,0.45010432661715993,0.8269230769230769,0.10369619334002893,0.0
all_studies,all,baseline,drift_bilateral,165,93,72,0.7151515151515152,0.7175179211469535,0.713636867176249,0.7821087216248506,0.6989247311827957,0.7361111111111112,0.3845101103057103,0.04728359162141415,0.5704467537085188,0.75,0.18588972119738842,0.0
held_out_study,Ga,baseline,drift_bilateral,47,29,18,0.7021276595744681,0.6532567049808429,0.6572916666666666,0.7241379310344828,0.8620689655172413,0.4444444444444444,0.3955037614680225,0.11256917185106385,0.5978123026548654,0.7631578947368421,0.21030789733555003,0.0
held_out_study,Ju,baseline,drift_bilateral,54,29,25,0.6296296296296297,0.6496551724137931,0.6103896103896105,0.8041379310344827,0.3793103448275862,0.92,0.4743186466430982,0.17058953886666658,0.6658383340831908,0.6363636363636364,0.23872367663329616,0.0
held_out_study,Si,baseline,drift_bilateral,64,35,29,0.796875,0.7935960591133004,0.7944156165060539,0.8679802955665025,0.8285714285714286,0.7586206896551724,0.3006606951987162,0.07365873853124999,0.46986353275991616,0.8653846153846154,0.11058813521864522,0.0
all_studies,all,baseline,packet_loss_bilateral,165,93,72,0.7575757575757576,0.755152329749104,0.754318046456224,0.7945041816009558,0.7741935483870968,0.7361111111111112,0.3685659568028517,0.09411130225212125,0.5855385536949665,0.7803030303030303,0.18955586761717375,0.0
held_out_study,Ga,baseline,packet_loss_bilateral,47,29,18,0.7021276595744681,0.6532567049808429,0.6572916666666666,0.6704980842911877,0.8620689655172413,0.4444444444444444,0.4803211474489575,0.19270272367801417,0.783509756873655,0.7105263157894737,0.2737740285206245,0.0
held_out_study,Ju,baseline,packet_loss_bilateral,54,29,25,0.7592592592592593,0.7620689655172415,0.7591766723842196,0.8289655172413792,0.7241379310344828,0.8,0.35457751154580447,0.12456984066419746,0.5645617383850634,0.7727272727272727,0.16904991325313629,0.0
held_out_study,Si,baseline,packet_loss_bilateral,64,35,29,0.796875,0.8024630541871921,0.7968253968253969,0.8758620689655172,0.7428571428571429,0.8620689655172413,0.29829848935775155,0.10438497222604165,0.4578526392783482,0.8269230769230769,0.09591418333321375,0.0
all_studies,all,baseline,gain_miscalibration,165,93,72,0.6484848484848484,0.6615143369175627,0.6483686067019401,0.7587365591397849,0.5591397849462365,0.7638888888888888,0.47210048367626556,0.1476890492089696,0.7044558261647311,0.7045454545454546,0.22419265955846057,0.0
held_out_study,Ga,baseline,gain_miscalibration,47,29,18,0.6808510638297872,0.646551724137931,0.6497764530551415,0.6992337164750957,0.7931034482758621,0.5,0.4616590321024773,0.16455487643758865,0.6903154311893859,0.7105263157894737,0.21901860700459677,0.0
held_out_study,Ju,baseline,gain_miscalibration,54,29,25,0.5185185185185185,0.543448275862069,0.47218045112781953,0.8200000000000001,0.20689655172413793,0.88,0.6265900585540334,0.31029486519592586,0.9315358089722037,0.5909090909090909,0.24726048269566084,0.0
held_out_study,Si,baseline,gain_miscalibration,64,35,29,0.734375,0.7423645320197044,0.7343101343101344,0.8413793103448276,0.6571428571428571,0.8275862068965517,0.3494178458726497,0.06167988642187501,0.5232414432309452,0.7884615384615384,0.14756234509335864,0.0
all_studies,all,fasca,clean_both,165,93,72,0.7515151515151515,0.7529121863799283,0.749713270931222,0.801747311827957,0.7419354838709677,0.7638888888888888,0.35970703760086087,0.04097087626989893,0.5537713781862266,0.803030303030303,0.18323753709936802,0.0
held_out_study,Ga,fasca,clean_both,47,29,18,0.6595744680851063,0.6293103448275862,0.6313725490196078,0.685823754789272,0.7586206896551724,0.5,0.4713267590452846,0.18325073972056738,0.7296078057915176,0.7105263157894737,0.25413837923675986,0.0
held_out_study,Ju,fasca,clean_both,54,29,25,0.7962962962962963,0.7937931034482759,0.7945347630577655,0.8668965517241379,0.8275862068965517,0.76,0.29823410892922514,0.06358968885185189,0.4618314706350572,0.8409090909090909,0.0869832666972994,0.0
held_out_study,Si,fasca,clean_both,64,35,29,0.78125,0.7940886699507389,0.7803921568627451,0.865024630541872,0.6571428571428571,0.9310344827586207,0.3296040882318051,0.09438054156770838,0.5022157986598899,0.8461538461538461,0.12722643928358915,0.0
all_studies,all,fasca,left_only,165,93,72,0.7212121212121212,0.722894265232975,0.7194707273802483,0.7900985663082437,0.7096774193548387,0.7361111111111112,0.3771867783323275,0.05451088535919188,0.5672318740221013,0.7575757575757576,0.18616731910371298,0.0
held_out_study,Ga,fasca,left_only,47,29,18,0.6382978723404256,0.6226053639846744,0.6211474632527264,0.6819923371647509,0.6896551724137931,0.5555555555555556,0.5167051950920697,0.2074313618283689,0.7750097131085735,0.6842105263157895,0.2612636230975083,0.0
held_out_study,Ju,fasca,left_only,54,29,25,0.7407407407407407,0.7393103448275862,0.7393103448275862,0.8572413793103448,0.7586206896551724,0.72,0.3171326057827392,0.11433086103703702,0.4800196832600025,0.7954545454545454,0.09721536412070121,0.0
held_out_study,Si,fasca,left_only,64,35,29,0.765625,0.7738916256157635,0.7655677655677655,0.8620689655172413,0.6857142857142857,0.8620689655172413,0.3253986491131067,0.04093679503645836,0.48823030939849416,0.8076923076923077,0.10770017083179016,0.0
all_studies,all,fasca,right_only,165,93,72,0.7393939393939394,0.7421594982078853,0.7380081976293342,0.7651583034647551,0.7204301075268817,0.7638888888888888,0.39252362511493494,0.06366567502222223,0.5975210299550557,0.75,0.2222051221346928,0.0
held_out_study,Ga,fasca,right_only,47,29,18,0.6595744680851063,0.6187739463601533,0.6209677419354839,0.6666666666666666,0.7931034482758621,0.4444444444444444,0.48400476247861257,0.17843151412056726,0.7478976268874641,0.7105263157894737,0.28838228568515384,0.0
held_out_study,Ju,fasca,right_only,54,29,25,0.7962962962962963,0.7993103448275862,0.7962264150943397,0.8406896551724138,0.7586206896551724,0.84,0.32226454440566965,0.05419991122222219,0.49373595425826167,0.8181818181818182,0.12959759476374766,0.0
held_out_study,Si,fasca,right_only,64,35,29,0.75,0.7625615763546798,0.7490196078431373,0.7901477832512316,0.6285714285714286,0.896551724137931,0.3846232642119271,0.0715128753072916,0.5746568742019884,0.7692307692307693,0.20535449451205717,0.0
all_studies,all,fasca,sensor_dead_bilateral,165,93,72,0.7454545454545455,0.7475358422939068,0.7438645771732703,0.8054062126642773,0.7311827956989247,0.7638888888888888,0.36037782992860196,0.04830262308484843,0.5424882517360509,0.7727272727272727,0.17267992658020226,1.0
held_out_study,Ga,fasca,sensor_dead_bilateral,47,29,18,0.6382978723404256,0.6331417624521073,0.6275058275058275,0.6513409961685824,0.6551724137931034,0.6111111111111112,0.48705005009249436,0.1302897374184397,0.696994060681249,0.6578947368421053,0.2863757487902611,1.0
held_out_study,Ju,fasca,sensor_dead_bilateral,54,29,25,0.7777777777777778,0.776551724137931,0.776551724137931,0.8551724137931034,0.7931034482758621,0.76,0.30230807793677916,0.08400633348765424,0.46859633220064034,0.7954545454545454,0.0866526453902746,1.0
held_out_study,Si,fasca,sensor_dead_bilateral,64,35,29,0.796875,0.8024630541871921,0.7968253968253969,0.8768472906403941,0.7428571428571429,0.8620689655172413,0.3163492714888439,0.11308898080208334,0.4913693553999236,0.8461538461538461,0.10306508458861252,1.0
all_studies,all,fasca,near_dead_bilateral,165,93,72,0.7636363636363637,0.7668010752688172,0.7623795280824195,0.8143667861409798,0.7419354838709677,0.7916666666666666,0.352573339444181,0.06403570229292935,0.5362289314138042,0.803030303030303,0.17097941820350201,0.0
held_out_study,Ga,fasca,near_dead_bilateral,47,29,18,0.6808510638297872,0.6781609195402298,0.6713286713286714,0.6762452107279693,0.6896551724137931,0.6666666666666666,0.4653427272613434,0.129293347496454,0.6794943472396006,0.6842105263157895,0.27422574164347174,0.0
held_out_study,Ju,fasca,near_dead_bilateral,54,29,25,0.7777777777777778,0.776551724137931,0.776551724137931,0.8703448275862069,0.7931034482758621,0.76,0.29892686117119865,0.06690974772839506,0.4658782366533399,0.8409090909090909,0.08287102271597835,0.0
held_out_study,Si,fasca,near_dead_bilateral,64,35,29,0.8125,0.819704433497537,0.8125,0.8847290640394088,0.7428571428571429,0.896551724137931,0.31502253630878113,0.1296879493958334,0.4903767903708767,0.8461538461538461,0.09062655854614816,0.0
all_studies,all,fasca,contact_loss_bilateral,165,93,72,0.7515151515151515,0.7497759856630825,0.7485223597635775,0.8030167264038233,0.7634408602150538,0.7361111111111112,0.3593811183373601,0.038155555172121214,0.5522508270599099,0.803030303030303,0.18490678259897544,0.0
held_out_study,Ga,fasca,contact_loss_bilateral,47,29,18,0.6595744680851063,0.6293103448275862,0.6313725490196078,0.6839080459770115,0.7586206896551724,0.5,0.4710034732397255,0.205866975519149,0.7236705835093004,0.7105263157894737,0.2583400819564149,0.0
held_out_study,Ju,fasca,contact_loss_bilateral,54,29,25,0.7962962962962963,0.7910344827586206,0.7928147889780258,0.863448275862069,0.8620689655172413,0.72,0.3008931199860529,0.08924668398148153,0.4656001400481646,0.8181818181818182,0.09194479620913813,0.0
held_out_study,Si,fasca,contact_loss_bilateral,64,35,29,0.78125,0.7911330049261084,0.7810361681329423,0.8610837438423645,0.6857142857142857,0.896551724137931,0.32675770006485083,0.07921674423437498,0.49947596058354893,0.8461538461538461,0.1252018087040998,0.0
all_studies,all,fasca,saturation_bilateral,165,93,72,0.7878787878787878,0.7820340501792116,0.7832939322301025,0.7977897252090801,0.8279569892473119,0.7361111111111112,0.35861811985509856,0.09230463252626261,0.5535027602628004,0.803030303030303,0.18748727870934392,0.0
held_out_study,Ga,fasca,saturation_bilateral,47,29,18,0.7021276595744681,0.6637931034482758,0.6683467741935484,0.6762452107279693,0.8275862068965517,0.5,0.47098373093638707,0.15764841791843975,0.7254741461484013,0.7105263157894737,0.2636370745749853,0.0
held_out_study,Ju,fasca,saturation_bilateral,54,29,25,0.8148148148148148,0.8082758620689655,0.8106591865357644,0.863448275862069,0.896551724137931,0.72,0.29946764446349433,0.08563901280864197,0.4670393865214575,0.8409090909090909,0.09727373984180294,0.0
held_out_study,Si,fasca,saturation_bilateral,64,35,29,0.828125,0.8339901477832512,0.828083028083028,0.8551724137931035,0.7714285714285715,0.896551724137931,0.3260078378289435,0.1299004003697917,0.5001647453473206,0.8461538461538461,0.1256769310521116,0.0
all_studies,all,fasca,drift_bilateral,165,93,72,0.7636363636363637,0.7526881720430108,0.7555555555555555,0.8128733572281959,0.8387096774193549,0.6666666666666666,0.3462825824377276,0.06284348328484846,0.5307910586787881,0.803030303030303,0.16362853858478257,0.0
held_out_study,Ga,fasca,drift_bilateral,47,29,18,0.6595744680851063,0.6187739463601533,0.6209677419354839,0.7279693486590038,0.7931034482758621,0.4444444444444444,0.41697610032263016,0.12017053158156031,0.6255879340429372,0.7368421052631579,0.2176698802759116,0.0
held_out_study,Ju,fasca,drift_bilateral,54,29,25,0.8148148148148148,0.8110344827586207,0.8125,0.8703448275862069,0.8620689655172413,0.76,0.2968459399096615,0.10293159761728393,0.46789950657908574,0.8409090909090909,0.09362227106689322,0.0
held_out_study,Si,fasca,drift_bilateral,64,35,29,0.796875,0.7906403940886699,0.7927770859277709,0.8364532019704433,0.8571428571428571,0.7241379310344828,0.33607919737405806,0.10296207527604168,0.514239350417365,0.8269230769230769,0.13580576036886655,0.0
all_studies,all,fasca,packet_loss_bilateral,165,93,72,0.7636363636363637,0.7683691756272402,0.7627649769585254,0.8030167264038233,0.7311827956989247,0.8055555555555556,0.36258768966624,0.07263834591090912,0.5532469721364307,0.7954545454545454,0.1876665223162284,0.0
held_out_study,Ga,fasca,packet_loss_bilateral,47,29,18,0.7021276595744681,0.6848659003831418,0.6848659003831418,0.6800766283524904,0.7586206896551724,0.6111111111111112,0.4665171830046391,0.1792682296375887,0.7076225265024703,0.7105263157894737,0.2698341838348966,0.0
held_out_study,Ju,fasca,packet_loss_bilateral,54,29,25,0.8148148148148148,0.8137931034482759,0.8137931034482759,0.8689655172413793,0.8275862068965517,0.8,0.30440515469305957,0.09533373189506172,0.4705334820846633,0.8181818181818182,0.08923882818154905,0.0
held_out_study,Si,fasca,packet_loss_bilateral,64,35,29,0.765625,0.7798029556650246,0.7641857037582904,0.8610837438423644,0.6285714285714286,0.9310344827586207,0.335355981879474,0.07256673630208334,0.5096669316300493,0.8461538461538461,0.12882672623173438,0.0
all_studies,all,fasca,gain_miscalibration,165,93,72,0.7272727272727273,0.7345430107526881,0.7269116186693148,0.7917413381123058,0.6774193548387096,0.7916666666666666,0.38166682945280456,0.08523358425858582,0.5721049611522172,0.7651515151515151,0.1911885262599333,0.0
held_out_study,Ga,fasca,gain_miscalibration,47,29,18,0.6595744680851063,0.6293103448275862,0.6313725490196078,0.7011494252873564,0.7586206896551724,0.5,0.466047748614789,0.22689777702836883,0.6973646011467639,0.6842105263157895,0.25134859281897703,0.0
held_out_study,Ju,fasca,gain_miscalibration,54,29,25,0.7777777777777778,0.7820689655172414,0.7777777777777778,0.86,0.7241379310344828,0.84,0.3279029816437198,0.05823922551234567,0.495288516939739,0.7954545454545454,0.1183460198623206,0.0
held_out_study,Si,fasca,gain_miscalibration,64,35,29,0.734375,0.7512315270935961,0.7311588831233011,0.8236453201970444,0.5714285714285714,0.9310344827586207,0.3650628385321376,0.06494574376041663,0.5449312878355006,0.8076923076923077,0.17567967249598,0.0
