scope,study,seed,method,condition,subjects,pd_subjects,control_subjects,accuracy,balanced_accuracy,macro_f1,auroc,sensitivity,specificity,brier,ece10,nll,selective_accuracy_80,aurc,mean_exact_route_rate
all_studies,all,101,baseline,clean_both,165,93,72,0.7393939393939394,0.7343189964157706,0.734677087618264,0.7639635603345282,0.7741935483870968,0.6944444444444444,0.40689752091351955,0.11420362354060605,0.677428252328338,0.7651515151515151,0.21416965573288327,0.0
held_out_study,Ga,101,baseline,clean_both,47,29,18,0.7021276595744681,0.6532567049808429,0.6572916666666666,0.6475095785440613,0.8620689655172413,0.4444444444444444,0.5107250549393462,0.21388807979148933,0.9142393744617999,0.7105263157894737,0.2755977405631845,0.0
held_out_study,Ju,101,baseline,clean_both,54,29,25,0.7222222222222222,0.7248275862068966,0.7221269296740995,0.8144827586206896,0.6896551724137931,0.76,0.3925894728385328,0.13907401457407406,0.6433147788347361,0.7727272727272727,0.1778088075468803,0.0
held_out_study,Si,101,baseline,clean_both,64,35,29,0.78125,0.7822660098522167,0.7803921568627451,0.825615763546798,0.7714285714285715,0.7931034482758621,0.34272159117657314,0.10615687635937501,0.5323033277718034,0.8269230769230769,0.14864555265455617,0.0
all_studies,all,101,baseline,left_only,165,93,72,0.696969696969697,0.6919802867383513,0.6919802867383513,0.7433542413381123,0.7311827956989247,0.6527777777777778,0.44125728811482734,0.1456935879151514,0.7307098486388809,0.75,0.22564180843594436,0.0
held_out_study,Ga,101,baseline,left_only,47,29,18,0.574468085106383,0.539272030651341,0.5392156862745098,0.632183908045977,0.6896551724137931,0.3888888888888889,0.5696595342517714,0.2695852146085107,0.9523694944855634,0.6578947368421053,0.266831002006506,0.0
held_out_study,Ju,101,baseline,left_only,54,29,25,0.7037037037037037,0.7048275862068966,0.7032967032967032,0.7427586206896551,0.6896551724137931,0.72,0.4702779400879911,0.1831625258592593,0.8081249877939966,0.7272727272727273,0.2430780369732906,0.0
held_out_study,Si,101,baseline,left_only,64,35,29,0.78125,0.7793103448275862,0.7793103448275862,0.8325123152709359,0.8,0.7586206896551724,0.32247571350565224,0.052217752234375026,0.5026095225580939,0.8269230769230769,0.13424784925778976,0.0
all_studies,all,101,baseline,right_only,165,93,72,0.7272727272727273,0.7204301075268817,0.7213779128672746,0.7427568697729988,0.7741935483870968,0.6666666666666666,0.4281663656498533,0.1314121291800001,0.7307008369450609,0.75,0.23783453932620965,0.0
held_out_study,Ga,101,baseline,right_only,47,29,18,0.7021276595744681,0.6532567049808429,0.6572916666666666,0.6302681992337165,0.8620689655172413,0.4444444444444444,0.5193229262880084,0.2091965423191489,0.9715426786040866,0.6842105263157895,0.29138217448305564,0.0
held_out_study,Ju,101,baseline,right_only,54,29,25,0.8148148148148148,0.8137931034482759,0.8137931034482759,0.8131034482758621,0.8275862068965517,0.8,0.34509207796223673,0.13546163621666663,0.6155210287319425,0.8181818181818182,0.17964150939662582,0.0
held_out_study,Si,101,baseline,right_only,64,35,29,0.671875,0.6733990147783251,0.6711524345485687,0.748768472906404,0.6571428571428571,0.6896551724137931,0.4313171966676343,0.13758403890624998,0.651015572656533,0.7115384615384616,0.2271346333551929,0.0
all_studies,all,101,baseline,sensor_dead_bilateral,165,93,72,0.7151515151515152,0.6971326164874552,0.6991970831232303,0.7761350059737157,0.8387096774193549,0.5555555555555556,0.3756826434505365,0.04748187147878791,0.5919126280884442,0.7651515151515151,0.2032107188380139,1.0
held_out_study,Ga,101,baseline,sensor_dead_bilateral,47,29,18,0.6382978723404256,0.5804597701149425,0.5761273209549072,0.6091954022988506,0.8275862068965517,0.3333333333333333,0.5078885231914507,0.15594095000000002,0.8530224229560355,0.6842105263157895,0.3068920894480759,1.0
held_out_study,Ju,101,baseline,sensor_dead_bilateral,54,29,25,0.7592592592592593,0.756551724137931,0.7571774472500865,0.8441379310344828,0.7931034482758621,0.72,0.3173142847493168,0.05900016744444443,0.4741168519387376,0.8181818181818182,0.10703448337240518,1.0
held_out_study,Si,101,baseline,sensor_dead_bilateral,64,35,29,0.734375,0.7187192118226601,0.7189356755360372,0.8482758620689655,0.8857142857142857,0.5517241379310345,0.32784225316995674,0.07246057178125011,0.4995503086088716,0.8076923076923077,0.12895666690743685,1.0
all_studies,all,101,baseline,near_dead_bilateral,165,93,72,0.7272727272727273,0.7110215053763441,0.7136410968413746,0.7721027479091995,0.8387096774193549,0.5833333333333334,0.3810527422900211,0.05896405335151515,0.5988460206413101,0.7575757575757576,0.20612053967510083,0.0
held_out_study,Ga,101,baseline,near_dead_bilateral,47,29,18,0.6595744680851063,0.5977011494252873,0.5930735930735931,0.6302681992337165,0.8620689655172413,0.3333333333333333,0.495906719965913,0.15367428425531918,0.8328920342509322,0.6842105263157895,0.2994013332385275,0.0
held_out_study,Ju,101,baseline,near_dead_bilateral,54,29,25,0.7407407407407407,0.7393103448275862,0.7393103448275862,0.8248275862068966,0.7586206896551724,0.72,0.326705277646515,0.06484221338888878,0.49278145172008897,0.7954545454545454,0.12403548470439871,0.0
held_out_study,Si,101,baseline,near_dead_bilateral,64,35,29,0.765625,0.7532019704433497,0.7555385790679909,0.8384236453201971,0.8857142857142857,0.6206896551724138,0.3425625257272464,0.059865015937500016,0.5164604594240244,0.7884615384615384,0.1326237722889605,0.0
all_studies,all,101,baseline,contact_loss_bilateral,165,93,72,0.7212121212121212,0.7134856630824373,0.7146616541353383,0.7635902031063322,0.7741935483870968,0.6527777777777778,0.40171656719061294,0.11588628377575762,0.6598859907649655,0.7651515151515151,0.21387487750513134,0.0
held_out_study,Ga,101,baseline,contact_loss_bilateral,47,29,18,0.7021276595744681,0.6532567049808429,0.6572916666666666,0.6379310344827587,0.8620689655172413,0.4444444444444444,0.515804802741006,0.23401554602127667,0.9093420712255915,0.6842105263157895,0.281291523089172,0.0
held_out_study,Ju,101,baseline,contact_loss_bilateral,54,29,25,0.7037037037037037,0.7075862068965517,0.7037037037037037,0.8220689655172414,0.6551724137931034,0.76,0.37265499238678473,0.15482284770370364,0.6005319278033002,0.7727272727272727,0.1721182932419079,0.0
held_out_study,Si,101,baseline,contact_loss_bilateral,64,35,29,0.75,0.7448275862068966,0.746031746031746,0.8216748768472906,0.8,0.6896551724137931,0.3424537229490229,0.07585295818749997,0.5267716723005984,0.8269230769230769,0.1483777333796445,0.0
all_studies,all,101,baseline,saturation_bilateral,165,93,72,0.7272727272727273,0.7141577060931901,0.7166138696996298,0.7589605734767024,0.8172043010752689,0.6111111111111112,0.4009993617180767,0.12309170788242425,0.6742577976128762,0.7803030303030303,0.22449160227805878,0.0
held_out_study,Ga,101,baseline,saturation_bilateral,47,29,18,0.6595744680851063,0.5977011494252873,0.5930735930735931,0.6475095785440613,0.8620689655172413,0.3333333333333333,0.5187014195634697,0.21500034426808512,0.9302722248196953,0.6842105263157895,0.2761256027198219,0.0
held_out_study,Ju,101,baseline,saturation_bilateral,54,29,25,0.7592592592592593,0.7593103448275862,0.7585139318885449,0.8096551724137931,0.7586206896551724,0.76,0.3601285971867071,0.13496369366666672,0.6145621465168573,0.8181818181818182,0.20577649043595844,0.0
held_out_study,Si,101,baseline,saturation_bilateral,64,35,29,0.75,0.741871921182266,0.7437437437437437,0.81871921182266,0.8285714285714286,0.6551724137931034,0.34904662056120944,0.10527275128125,0.5366154082451343,0.7884615384615384,0.15706047087319605,0.0
all_studies,all,101,baseline,drift_bilateral,165,93,72,0.6666666666666666,0.660394265232975,0.660633484162896,0.7302867383512546,0.7096774193548387,0.6111111111111112,0.42910284065560245,0.10478967445272735,0.6415344620431037,0.7045454545454546,0.22205729527829418,0.0
held_out_study,Ga,101,baseline,drift_bilateral,47,29,18,0.7021276595744681,0.64272030651341,0.6439393939393939,0.6743295019157088,0.896551724137931,0.3888888888888889,0.43916448205650976,0.16701849691489368,0.7112971079994648,0.7368421052631579,0.2672135336803196,0.0
held_out_study,Ju,101,baseline,drift_bilateral,54,29,25,0.6481481481481481,0.666896551724138,0.6329159212880143,0.783448275862069,0.41379310344827586,0.92,0.46710149988310046,0.13729595743888892,0.6593508260410621,0.6818181818181818,0.24111768135757852,0.0
held_out_study,Si,101,baseline,drift_bilateral,64,35,29,0.65625,0.6413793103448276,0.6389743589743591,0.7763546798029556,0.8,0.4827586206896552,0.3896524540286097,0.11625502824999995,0.575269961795624,0.7115384615384616,0.18813662486893828,0.0
all_studies,all,101,baseline,packet_loss_bilateral,165,93,72,0.7393939393939394,0.7358870967741935,0.7355079217148183,0.7641875746714457,0.7634408602150538,0.7083333333333334,0.4044164875617312,0.12361909766242421,0.6534522946728978,0.7575757575757576,0.2133999772693069,0.0
held_out_study,Ga,101,baseline,packet_loss_bilateral,47,29,18,0.7021276595744681,0.6532567049808429,0.6572916666666666,0.6436781609195403,0.8620689655172413,0.4444444444444444,0.5023282293231793,0.2138416404744681,0.8633955408589162,0.7105263157894737,0.2793059999314794,0.0
held_out_study,Ju,101,baseline,packet_loss_bilateral,54,29,25,0.7407407407407407,0.7448275862068966,0.7407407407407407,0.8193103448275862,0.6896551724137931,0.8,0.39329912074972784,0.1510508255185185,0.6218355016381563,0.75,0.17731530426156988,0.0
held_out_study,Si,101,baseline,packet_loss_bilateral,64,35,29,0.765625,0.7679802955665025,0.7651088818204062,0.8266009852216749,0.7428571428571429,0.7931034482758621,0.34189283045329566,0.11730136865624996,0.5259518923781032,0.8269230769230769,0.1445932095365117,0.0
all_studies,all,101,baseline,gain_miscalibration,165,93,72,0.6666666666666666,0.6713709677419355,0.6658812267589558,0.7067652329749105,0.6344086021505376,0.7083333333333334,0.5208387519588621,0.19466199350242416,0.8277960669484589,0.6742424242424242,0.2629915259492958,0.0
held_out_study,Ga,101,baseline,gain_miscalibration,47,29,18,0.6808510638297872,0.6254789272030651,0.6259946949602122,0.6494252873563218,0.8620689655172413,0.3888888888888889,0.5043604549710945,0.20057002518297867,0.8347284999247269,0.6842105263157895,0.2538714854568488,0.0
held_out_study,Ju,101,baseline,gain_miscalibration,54,29,25,0.5555555555555556,0.5779310344827586,0.5235294117647059,0.7772413793103449,0.27586206896551724,0.88,0.675938077613159,0.3086742393759261,1.081124482797245,0.5454545454545454,0.2688672181592333,0.0
held_out_study,Si,101,baseline,gain_miscalibration,64,35,29,0.75,0.7507389162561576,0.7490196078431373,0.767487684729064,0.7428571428571429,0.7586206896551724,0.40207494528844057,0.12548172840625008,0.608959210609099,0.7692307692307693,0.2073845827491313,0.0
all_studies,all,101,fasca,clean_both,165,93,72,0.7575757575757576,0.752016129032258,0.7527719508540606,0.8027927120669056,0.7956989247311828,0.7083333333333334,0.3577899587440848,0.050967687632121284,0.5521926120131184,0.7954545454545454,0.18228775238965225,0.0
held_out_study,Ga,101,fasca,clean_both,47,29,18,0.7446808510638298,0.7193486590038314,0.723529411764706,0.7068965517241379,0.8275862068965517,0.6111111111111112,0.43086763514666493,0.1375305036234043,0.6735051740370405,0.7368421052631579,0.23651081635990082,0.0
held_out_study,Ju,101,fasca,clean_both,54,29,25,0.7592592592592593,0.756551724137931,0.7571774472500865,0.8862068965517241,0.7931034482758621,0.72,0.3058016917004491,0.057570193796296236,0.4735864802096717,0.8409090909090909,0.09677661243139166,0.0
held_out_study,Si,101,fasca,clean_both,64,35,29,0.765625,0.765024630541872,0.7641857037582904,0.8177339901477833,0.7714285714285715,0.7586206896551724,0.3479886404540078,0.06429434584375002,0.529427622985959,0.8076923076923077,0.1592950233520683,0.0
all_studies,all,101,fasca,left_only,165,93,72,0.703030303030303,0.7020609318996416,0.7002113537765583,0.790994623655914,0.7096774193548387,0.6944444444444444,0.3735090975205242,0.09372254822666656,0.5639187803687514,0.7651515151515151,0.1840868967114056,0.0
held_out_study,Ga,101,fasca,left_only,47,29,18,0.6595744680851063,0.6503831417624522,0.6466165413533835,0.7126436781609196,0.6896551724137931,0.6111111111111112,0.47084041218080064,0.16706369875319155,0.7186994487661761,0.7105263157894737,0.2453927289109018,0.0
held_out_study,Ju,101,fasca,left_only,54,29,25,0.7222222222222222,0.7248275862068966,0.7221269296740995,0.8655172413793103,0.6896551724137931,0.76,0.3143661775376441,0.10384282724074072,0.47767830970235203,0.7727272727272727,0.09882682976347604,0.0
held_out_study,Si,101,fasca,left_only,64,35,29,0.71875,0.716256157635468,0.716256157635468,0.8088669950738917,0.7428571428571429,0.6896551724137931,0.35193325205243875,0.12646564773437502,0.5230171241391671,0.7692307692307693,0.14831758049525073,0.0
all_studies,all,101,fasca,right_only,165,93,72,0.703030303030303,0.6973566308243728,0.69765528589058,0.7517174432497014,0.7419354838709677,0.6527777777777778,0.40318271747583323,0.09059906133939391,0.6117615214838648,0.75,0.22472540510911843,0.0
held_out_study,Ga,101,fasca,right_only,47,29,18,0.6808510638297872,0.646551724137931,0.6497764530551415,0.6800766283524904,0.7931034482758621,0.5,0.4671202919746263,0.15827556108510638,0.7255384780083477,0.7105263157894737,0.24997230853767993,0.0
held_out_study,Ju,101,fasca,right_only,54,29,25,0.7777777777777778,0.7793103448275862,0.7774725274725275,0.8186206896551724,0.7586206896551724,0.8,0.3399790002989561,0.12096687311111112,0.5175804841788435,0.7954545454545454,0.15547663911816437,0.0
held_out_study,Si,101,fasca,right_only,64,35,29,0.65625,0.6532019704433498,0.6532019704433498,0.747783251231527,0.6857142857142857,0.6206896551724138,0.40955669757127233,0.10614303409374999,0.6076718192623098,0.75,0.2212254857053942,0.0
all_studies,all,101,fasca,sensor_dead_bilateral,165,93,72,0.7272727272727273,0.7219982078853047,0.7223364870423694,0.7844982078853047,0.7634408602150538,0.6805555555555556,0.3728743509062303,0.06764640805454547,0.5586470522006667,0.7803030303030303,0.18793285753743094,1.0
held_out_study,Ga,101,fasca,sensor_dead_bilateral,47,29,18,0.6382978723404256,0.6331417624521073,0.6275058275058275,0.6647509578544061,0.6551724137931034,0.6111111111111112,0.4882117984584887,0.14839653272340428,0.7014476290224727,0.6578947368421053,0.28274078261558727,1.0
held_out_study,Ju,101,fasca,sensor_dead_bilateral,54,29,25,0.7962962962962963,0.7993103448275862,0.7962264150943397,0.8620689655172413,0.7586206896551724,0.84,0.31468779013690196,0.10586525453703706,0.48678881834517634,0.8409090909090909,0.09714219154581762,1.0
held_out_study,Si,101,fasca,sensor_dead_bilateral,64,35,29,0.734375,0.7216748768472906,0.722943722943723,0.8394088669950739,0.8571428571428571,0.5862068965517241,0.3372683235091611,0.12565778349999998,0.5144082634127227,0.8269230769230769,0.14782810479523076,1.0
all_studies,all,101,fasca,near_dead_bilateral,165,93,72,0.7333333333333333,0.7258064516129032,0.7270676691729323,0.7897252090800477,0.7849462365591398,0.6666666666666666,0.3678559403900418,0.052659726472727306,0.5552427057292388,0.7803030303030303,0.19021314443460224,0.0
held_out_study,Ga,101,fasca,near_dead_bilateral,47,29,18,0.6595744680851063,0.6609195402298851,0.6518518518518519,0.6954022988505747,0.6551724137931034,0.6666666666666666,0.4640142127415092,0.12049032408510638,0.6792825021397859,0.6842105263157895,0.2702400460411827,0.0
held_out_study,Ju,101,fasca,near_dead_bilateral,54,29,25,0.7592592592592593,0.756551724137931,0.7571774472500865,0.8662068965517241,0.7931034482758621,0.72,0.3125465041237618,0.07794884600000009,0.4843208977460955,0.8409090909090909,0.10056339884096083,0.0
held_out_study,Si,101,fasca,near_dead_bilateral,64,35,29,0.765625,0.7532019704433497,0.7555385790679909,0.8325123152709359,0.8857142857142857,0.6206896551724138,0.3439070459816068,0.0883969975,0.5239912557260205,0.7884615384615384,0.1547225023429682,0.0
all_studies,all,101,fasca,contact_loss_bilateral,165,93,72,0.7575757575757576,0.752016129032258,0.7527719508540606,0.8022700119474313,0.7956989247311828,0.7083333333333334,0.35814286243019067,0.06078167955575768,0.5520994116839493,0.7954545454545454,0.18548161347658682,0.0
held_out_study,Ga,101,fasca,contact_loss_bilateral,47,29,18,0.723404255319149,0.7021072796934866,0.7041162227602906,0.7068965517241379,0.7931034482758621,0.6111111111111112,0.43456492031643995,0.13902631354680847,0.6757549208044259,0.7631578947368421,0.24360712071871418,0.0
held_out_study,Ju,101,fasca,contact_loss_bilateral,54,29,25,0.7777777777777778,0.776551724137931,0.776551724137931,0.8786206896551725,0.7931034482758621,0.76,0.30611069446833317,0.06345528937037043,0.4748585550429343,0.8409090909090909,0.09995405655422715,0.0
held_out_study,Si,101,fasca,contact_loss_bilateral,64,35,29,0.765625,0.7620689655172415,0.7627872498146775,0.81871921182266,0.8,0.7241379310344828,0.3459225553877936,0.0740429930625,0.5264618699644554,0.7692307692307693,0.1619988078281515,0.0
all_studies,all,101,fasca,saturation_bilateral,165,93,72,0.7393939393939394,0.7280465949820789,0.7304843304843305,0.7965949820788529,0.8172043010752689,0.6388888888888888,0.3637460741755007,0.0474285275242424,0.5583156006557246,0.7878787878787878,0.18555356521813407,0.0
held_out_study,Ga,101,fasca,saturation_bilateral,47,29,18,0.7446808510638298,0.7193486590038314,0.723529411764706,0.6973180076628351,0.8275862068965517,0.6111111111111112,0.43664993065736163,0.15009562130851067,0.6782108808058681,0.7105263157894737,0.23632412069707412,0.0
held_out_study,Ju,101,fasca,saturation_bilateral,54,29,25,0.7592592592592593,0.7537931034482759,0.7551447506103941,0.8855172413793103,0.8275862068965517,0.68,0.30767849508335654,0.1126272768703703,0.4769080076771563,0.8636363636363636,0.09368993039879533,0.0
held_out_study,Si,101,fasca,saturation_bilateral,64,35,29,0.71875,0.710344827586207,0.7117117117117118,0.8157635467980295,0.8,0.6206896551724138,0.35751432443063064,0.03873675204687506,0.5389551608711298,0.7692307692307693,0.15825837324567182,0.0
all_studies,all,101,fasca,drift_bilateral,165,93,72,0.7272727272727273,0.7078853046594982,0.7102439024390244,0.8068996415770608,0.8602150537634409,0.5555555555555556,0.3616658950205439,0.045703906036363665,0.5440486781184166,0.7727272727272727,0.17231452336332218,0.0
held_out_study,Ga,101,fasca,drift_bilateral,47,29,18,0.7446808510638298,0.7193486590038314,0.723529411764706,0.7605363984674329,0.8275862068965517,0.6111111111111112,0.3780664882636885,0.09997013587234044,0.5753964419177551,0.7631578947368421,0.19367604232968338,0.0
held_out_study,Ju,101,fasca,drift_bilateral,54,29,25,0.7777777777777778,0.7710344827586206,0.7727910238429172,0.8855172413793104,0.8620689655172413,0.68,0.29564345934147834,0.14315738592592592,0.46291720108515505,0.8636363636363636,0.08510608411929639,0.0
held_out_study,Si,101,fasca,drift_bilateral,64,35,29,0.671875,0.6497536945812807,0.640160642570281,0.7921182266009852,0.8857142857142857,0.41379310344827586,0.4053281394618211,0.07301169546874992,0.5894823478250919,0.6730769230769231,0.20867697229498927,0.0
all_studies,all,101,fasca,packet_loss_bilateral,165,93,72,0.7636363636363637,0.7589605734767024,0.7593582887700535,0.8039127837514936,0.7956989247311828,0.7222222222222222,0.3586502869561346,0.07525966454545463,0.5494160253708008,0.7878787878787878,0.1871877187895392,0.0
held_out_study,Ga,101,fasca,packet_loss_bilateral,47,29,18,0.723404255319149,0.7021072796934866,0.7041162227602906,0.710727969348659,0.7931034482758621,0.6111111111111112,0.42872054996955095,0.11328575878723399,0.6577391401632784,0.7368421052631579,0.24748373543918575,0.0
held_out_study,Ju,101,fasca,packet_loss_bilateral,54,29,25,0.7777777777777778,0.776551724137931,0.776551724137931,0.8855172413793104,0.7931034482758621,0.76,0.31104454094610534,0.07441990275925921,0.4812069387373306,0.8409090909090909,0.09856048686415475,0.0
held_out_study,Si,101,fasca,packet_loss_bilateral,64,35,29,0.78125,0.7793103448275862,0.7793103448275862,0.8226600985221675,0.8,0.7586206896551724,0.34735978575161897,0.07869112525000002,0.5274176547920653,0.7884615384615384,0.15696600001330135,0.0
all_studies,all,101,fasca,gain_miscalibration,165,93,72,0.7515151515151515,0.7513440860215054,0.7491564388742631,0.7856182795698925,0.7526881720430108,0.75,0.3802545674738325,0.0677003275090909,0.5726106453817188,0.7575757575757576,0.1925479297052418,0.0
held_out_study,Ga,101,fasca,gain_miscalibration,47,29,18,0.7021276595744681,0.6848659003831418,0.6848659003831418,0.7203065134099617,0.7586206896551724,0.6111111111111112,0.4373944493028331,0.11257041780851051,0.6549749862144925,0.7105263157894737,0.2231419044710314,0.0
held_out_study,Ju,101,fasca,gain_miscalibration,54,29,25,0.8333333333333334,0.8393103448275863,0.8332761578044596,0.8613793103448275,0.7586206896551724,0.92,0.3398444763834989,0.17604761737037034,0.5158713431612916,0.7954545454545454,0.14531477967829645,0.0
held_out_study,Si,101,fasca,gain_miscalibration,64,35,29,0.71875,0.716256157635468,0.716256157635468,0.7793103448275862,0.7428571428571429,0.6896551724137931,0.37238848111312933,0.053319070812499994,0.5599981188311358,0.75,0.1880902732466931,0.0
all_studies,all,102,baseline,clean_both,165,93,72,0.8,0.7943548387096775,0.795677136102668,0.7987604540023895,0.8387096774193549,0.75,0.35135037173037786,0.14118587326484844,0.6005228790927445,0.8181818181818182,0.17668343030375877,0.0
held_out_study,Ga,102,baseline,clean_both,47,29,18,0.723404255319149,0.6915708812260537,0.6964729259811226,0.6226053639846743,0.8275862068965517,0.5555555555555556,0.49260020356197726,0.22003006164893615,0.9178794569152767,0.7368421052631579,0.3053315130161411,0.0
held_out_study,Ju,102,baseline,clean_both,54,29,25,0.8333333333333334,0.8282758620689655,0.8304848273456574,0.8310344827586207,0.896551724137931,0.76,0.32281364315535443,0.17971657874629626,0.5447468121303797,0.8409090909090909,0.1406353374147697,0.0
held_out_study,Si,102,baseline,clean_both,64,35,29,0.828125,0.8310344827586207,0.8277465133349645,0.8985221674876848,0.8,0.8620689655172413,0.27169789121422316,0.08129090954843757,0.41452519875381777,0.8653846153846154,0.06968624407313051,0.0
all_studies,all,102,baseline,left_only,165,93,72,0.7212121212121212,0.7181899641577061,0.7174657534246576,0.779047192353644,0.7419354838709677,0.6944444444444444,0.40911670407473505,0.1238475644866667,0.6555928952219261,0.7803030303030303,0.18245538725837337,0.0
held_out_study,Ga,102,baseline,left_only,47,29,18,0.6595744680851063,0.6293103448275862,0.6313725490196078,0.603448275862069,0.7586206896551724,0.5,0.5561763692691586,0.21893371469574463,0.9295317784395327,0.6578947368421053,0.299519971887107,0.0
held_out_study,Ju,102,baseline,left_only,54,29,25,0.7037037037037037,0.6993103448275861,0.7,0.763448275862069,0.7586206896551724,0.64,0.4387638575745283,0.16140282857407406,0.7116967978380864,0.75,0.20672788751339388,0.0
held_out_study,Si,102,baseline,left_only,64,35,29,0.78125,0.7881773399014778,0.78125,0.9103448275862069,0.7142857142857143,0.8620689655172413,0.27610497668212963,0.08584449520937501,0.407081360026611,0.8269230769230769,0.06413387431744816,0.0
all_studies,all,102,baseline,right_only,165,93,72,0.7575757575757576,0.7504480286738351,0.7518796992481203,0.7796445639187575,0.8064516129032258,0.6944444444444444,0.3766450891075893,0.1134777530444242,0.6529116484741216,0.7878787878787878,0.1997019630898271,0.0
held_out_study,Ga,102,baseline,right_only,47,29,18,0.6595744680851063,0.6082375478927203,0.6083333333333334,0.6360153256704981,0.8275862068965517,0.3888888888888889,0.5349284472119551,0.2447984453404255,0.9948184598920692,0.7105263157894737,0.2915713301982993,0.0
held_out_study,Ju,102,baseline,right_only,54,29,25,0.7962962962962963,0.7937931034482759,0.7945347630577655,0.8282758620689655,0.8275862068965517,0.76,0.31393042478960737,0.07602099848148156,0.5408558827369484,0.8636363636363636,0.14498387651675462,0.0
held_out_study,Si,102,baseline,right_only,64,35,29,0.796875,0.7995073891625616,0.7964276975776854,0.8591133004926108,0.7714285714285715,0.8275862068965517,0.3133212460179929,0.10794097661453125,0.4963708861798065,0.8269230769230769,0.12294343151976858,0.0
all_studies,all,102,baseline,sensor_dead_bilateral,165,93,72,0.7575757575757576,0.755152329749104,0.754318046456224,0.7954002389486261,0.7741935483870968,0.7361111111111112,0.367195652240097,0.060927319949696954,0.5485017585863461,0.7727272727272727,0.16960564472819722,1.0
held_out_study,Ga,102,baseline,sensor_dead_bilateral,47,29,18,0.7021276595744681,0.6848659003831418,0.6848659003831418,0.6647509578544061,0.7586206896551724,0.6111111111111112,0.47277455320098,0.16371606976595743,0.6886615813159063,0.6578947368421053,0.27057123924326787,1.0
held_out_study,Ju,102,baseline,sensor_dead_bilateral,54,29,25,0.7962962962962963,0.7910344827586206,0.7928147889780258,0.8455172413793103,0.8620689655172413,0.72,0.32326842784125337,0.09306753759259265,0.49508170288130127,0.8409090909090909,0.1289566570480773,1.0
held_out_study,Si,102,baseline,sensor_dead_bilateral,64,35,29,0.765625,0.770935960591133,0.7655677655677655,0.8768472906403941,0.7142857142857143,0.8275862068965517,0.32672474243347294,0.07171944683281253,0.4906450607704569,0.8076923076923077,0.11132027873403236,1.0
all_studies,all,102,baseline,near_dead_bilateral,165,93,72,0.7272727272727273,0.7251344086021505,0.7239879558380728,0.7977897252090801,0.7419354838709677,0.7083333333333334,0.3601780315591155,0.04670058404242426,0.5432581664804629,0.7954545454545454,0.16768480198146596,0.0
held_out_study,Ga,102,baseline,near_dead_bilateral,47,29,18,0.7021276595744681,0.6848659003831418,0.6848659003831418,0.6762452107279693,0.7586206896551724,0.6111111111111112,0.4574142582091125,0.1359231162765957,0.6860287908024932,0.7105263157894737,0.2952133759406522,0.0
held_out_study,Ju,102,baseline,near_dead_bilateral,54,29,25,0.7592592592592593,0.7510344827586206,0.7523809523809524,0.8482758620689655,0.8620689655172413,0.64,0.3313374768545281,0.08864032931481486,0.4976810840156422,0.8181818181818182,0.12544233472373423,0.0
held_out_study,Si,102,baseline,near_dead_bilateral,64,35,29,0.71875,0.7280788177339901,0.718475073313783,0.8650246305418718,0.6285714285714286,0.8275862068965517,0.3131043956450196,0.12195316126562505,0.47686665257366434,0.8269230769230769,0.10437156484245073,0.0
all_studies,all,102,baseline,contact_loss_bilateral,165,93,72,0.7878787878787878,0.7820340501792116,0.7832939322301025,0.8007765830346476,0.8279569892473119,0.7361111111111112,0.3506393431914075,0.09687148538060601,0.585554889740446,0.8181818181818182,0.17473391314283832,0.0
held_out_study,Ga,102,baseline,contact_loss_bilateral,47,29,18,0.7021276595744681,0.6743295019157088,0.6774509803921569,0.6360153256704981,0.7931034482758621,0.5555555555555556,0.4926044442307699,0.20946412562765956,0.8805830526860461,0.7105263157894737,0.2973327867497611,0.0
held_out_study,Ju,102,baseline,contact_loss_bilateral,54,29,25,0.8148148148148148,0.8082758620689655,0.8106591865357644,0.8317241379310345,0.896551724137931,0.72,0.31555290691909055,0.10245657828888886,0.5258361958836759,0.8409090909090909,0.1451495080386289,0.0
held_out_study,Si,102,baseline,contact_loss_bilateral,64,35,29,0.828125,0.8310344827586207,0.8277465133349645,0.8955665024630541,0.8,0.8620689655172413,0.2759879027203931,0.08986123475468744,0.4192812305189207,0.8461538461538461,0.07407408312820665,0.0
all_studies,all,102,baseline,saturation_bilateral,165,93,72,0.7757575757575758,0.7665770609318996,0.7691085813698423,0.7907706093189963,0.8387096774193549,0.6944444444444444,0.3531256504666814,0.08902268227272742,0.6022474898653701,0.8106060606060606,0.18874091284617742,0.0
held_out_study,Ga,102,baseline,saturation_bilateral,47,29,18,0.7021276595744681,0.6637931034482758,0.6683467741935484,0.6187739463601531,0.8275862068965517,0.5,0.49832197432702346,0.17430926844680852,0.9151889461104551,0.7105263157894737,0.3063524322896878,0.0
held_out_study,Ju,102,baseline,saturation_bilateral,54,29,25,0.7962962962962963,0.7882758620689656,0.7904761904761904,0.8262068965517241,0.896551724137931,0.68,0.33040505689171834,0.11019059855555553,0.5561626058472579,0.8181818181818182,0.15533514131646142,0.0
held_out_study,Si,102,baseline,saturation_bilateral,64,35,29,0.8125,0.8137931034482759,0.8117647058823529,0.8916256157635467,0.8,0.8275862068965517,0.2656676009606178,0.02730854525000001,0.4113152288256683,0.8653846153846154,0.06985184469935077,0.0
all_studies,all,102,baseline,drift_bilateral,165,93,72,0.7454545454545455,0.7491039426523298,0.7443181818181819,0.8063022700119473,0.7204301075268817,0.7777777777777778,0.3594313582002789,0.03631444212727273,0.5373121668081631,0.7878787878787878,0.15801276272035733,0.0
held_out_study,Ga,102,baseline,drift_bilateral,47,29,18,0.723404255319149,0.6915708812260537,0.6964729259811226,0.6954022988505748,0.8275862068965517,0.5555555555555556,0.408557729897621,0.14087875831914892,0.602447151750449,0.7105263157894737,0.22170553412122082,0.0
held_out_study,Ju,102,baseline,drift_bilateral,54,29,25,0.6481481481481481,0.666896551724138,0.6329159212880143,0.8,0.41379310344827586,0.92,0.446710486887515,0.1262031733333334,0.6323997034687396,0.7045454545454546,0.22987485111696304,0.0
held_out_study,Si,102,baseline,drift_bilateral,64,35,29,0.84375,0.8394088669950739,0.8412698412698413,0.8995073891625616,0.8857142857142857,0.7931034482758621,0.2497124141551878,0.10654890703124995,0.40924855318381,0.9038461538461539,0.07518964005433329,0.0
all_studies,all,102,baseline,packet_loss_bilateral,165,93,72,0.793939393939394,0.788978494623656,0.7898561582259515,0.7994324970131421,0.8279569892473119,0.75,0.35314144772476663,0.15283744589999995,0.5787219200785063,0.8181818181818182,0.17483371667276834,0.0
held_out_study,Ga,102,baseline,packet_loss_bilateral,47,29,18,0.723404255319149,0.6915708812260537,0.6964729259811226,0.6226053639846743,0.8275862068965517,0.5555555555555556,0.48764458701268304,0.225759331793617,0.8494332151856875,0.7105263157894737,0.3100135991569952,0.0
held_out_study,Ju,102,baseline,packet_loss_bilateral,54,29,25,0.8333333333333334,0.8282758620689655,0.8304848273456574,0.833103448275862,0.896551724137931,0.76,0.32378899695452334,0.19342902923333333,0.5298700256330692,0.8409090909090909,0.1387347555778963,0.0
held_out_study,Si,102,baseline,packet_loss_bilateral,64,35,29,0.8125,0.8167487684729065,0.8123167155425219,0.8995073891625616,0.7714285714285715,0.8620689655172413,0.27913183514759576,0.11339622017812497,0.42113709867250787,0.8461538461538461,0.07279351234922729,0.0
all_studies,all,102,baseline,gain_miscalibration,165,93,72,0.7151515151515152,0.7222222222222222,0.7147743572768399,0.7998058542413382,0.6666666666666666,0.7777777777777778,0.4132892188746866,0.14549595548666666,0.6232565328937301,0.7424242424242424,0.17018998165602542,0.0
held_out_study,Ga,102,baseline,gain_miscalibration,47,29,18,0.6595744680851063,0.6503831417624522,0.6466165413533835,0.7203065134099618,0.6896551724137931,0.6111111111111112,0.4737688715398293,0.1840209747659574,0.706973276887893,0.6842105263157895,0.2153012281415809,0.0
held_out_study,Ju,102,baseline,gain_miscalibration,54,29,25,0.6666666666666666,0.6786206896551724,0.6625,0.8034482758620689,0.5172413793103449,0.84,0.4959276510908674,0.24463239185740734,0.7372988900960257,0.6818181818181818,0.19127480882762693,0.0
held_out_study,Si,102,baseline,gain_miscalibration,64,35,29,0.796875,0.7995073891625616,0.7964276975776854,0.8630541871921182,0.7714285714285715,0.8275862068965517,0.29914829676631993,0.047974118453125034,0.46555381013357977,0.8269230769230769,0.11435525800264251,0.0
all_studies,all,102,fasca,clean_both,165,93,72,0.7212121212121212,0.7181899641577061,0.7174657534246576,0.7812873357228197,0.7419354838709677,0.6944444444444444,0.378312418481167,0.07403381460181815,0.5918700598156214,0.7878787878787878,0.2122441152743421,0.0
held_out_study,Ga,102,fasca,clean_both,47,29,18,0.6382978723404256,0.6120689655172413,0.6130750605326876,0.6302681992337165,0.7241379310344828,0.5,0.5296500793787048,0.20292736598510633,0.8545964031324667,0.6842105263157895,0.2978171047206502,0.0
held_out_study,Ju,102,fasca,clean_both,54,29,25,0.7037037037037037,0.7020689655172414,0.7020689655172414,0.8337931034482758,0.7241379310344828,0.68,0.33775577330890955,0.0881299856666667,0.5081918854654954,0.8181818181818182,0.12367150170460904,0.0
held_out_study,Si,102,fasca,clean_both,64,35,29,0.796875,0.7995073891625616,0.7964276975776854,0.8768472906403941,0.7714285714285715,0.8275862068965517,0.3013934931236298,0.09651332771875,0.46953386105023204,0.8461538461538461,0.10704344824443926,0.0
all_studies,all,102,fasca,left_only,165,93,72,0.7212121212121212,0.7213261648745519,0.7188888888888889,0.7673984468339307,0.7204301075268817,0.7222222222222222,0.3982942796506901,0.07031768443878786,0.6106500404292818,0.75,0.21783737153157284,0.0
held_out_study,Ga,102,fasca,left_only,47,29,18,0.5957446808510638,0.5670498084291188,0.5675544794188861,0.632183908045977,0.6896551724137931,0.4444444444444444,0.5803023079154539,0.2607853687531914,0.9054017784628239,0.6842105263157895,0.29788619076657075,0.0
held_out_study,Ju,102,fasca,left_only,54,29,25,0.7592592592592593,0.7593103448275862,0.7585139318885449,0.8172413793103448,0.7586206896551724,0.76,0.35184197620632107,0.06844917435185183,0.5266054865391122,0.7727272727272727,0.14350924273269053,0.0
held_out_study,Si,102,fasca,left_only,64,35,29,0.78125,0.7881773399014778,0.78125,0.8689655172413793,0.7142857142857143,0.8620689655172413,0.3038262649249407,0.07988103537500002,0.4651043251557301,0.8461538461538461,0.10017268440370074,0.0
all_studies,all,102,fasca,right_only,165,93,72,0.7333333333333333,0.733646953405018,0.731111111111111,0.7536589008363203,0.7311827956989247,0.7361111111111112,0.4059562058203951,0.09123914739999997,0.6315649942957472,0.7575757575757576,0.24426206420977345,0.0
held_out_study,Ga,102,fasca,right_only,47,29,18,0.6808510638297872,0.646551724137931,0.6497764530551415,0.6283524904214559,0.7931034482758621,0.5,0.5154769928113996,0.21032255080851067,0.8525113005708894,0.6842105263157895,0.3340065621593656,0.0
held_out_study,Ju,102,fasca,right_only,54,29,25,0.7222222222222222,0.7248275862068966,0.7221269296740995,0.7993103448275862,0.6896551724137931,0.76,0.36921254853746877,0.1110355109074074,0.5479390456430698,0.7727272727272727,0.15950025464375378,0.0
held_out_study,Si,102,fasca,right_only,64,35,29,0.78125,0.7881773399014778,0.78125,0.819704433497537,0.7142857142857143,0.8620689655172413,0.3565293387063453,0.10550151921874998,0.5398669448006361,0.7692307692307693,0.1616288725766747,0.0
all_studies,all,102,fasca,sensor_dead_bilateral,165,93,72,0.7393939393939394,0.7405913978494624,0.7375041621961597,0.803763440860215,0.7311827956989247,0.75,0.36447617723759584,0.045636908854545445,0.5502253304353709,0.7954545454545454,0.18105858932298155,1.0
held_out_study,Ga,102,fasca,sensor_dead_bilateral,47,29,18,0.6595744680851063,0.6503831417624522,0.6466165413533835,0.6360153256704981,0.6896551724137931,0.6111111111111112,0.5088754896943444,0.20665919357446808,0.7384239607885289,0.6578947368421053,0.30551336594329737,1.0
held_out_study,Ju,102,fasca,sensor_dead_bilateral,54,29,25,0.7407407407407407,0.7420689655172414,0.7403846153846154,0.8703448275862069,0.7241379310344828,0.76,0.3180999705936199,0.07915474833333329,0.48478553787122486,0.7954545454545454,0.08868850478826482,1.0
held_out_study,Si,102,fasca,sensor_dead_bilateral,64,35,29,0.796875,0.7995073891625616,0.7964276975776854,0.8876847290640394,0.7714285714285715,0.8275862068965517,0.2975628565080257,0.10536356635937494,0.4672317862457688,0.8461538461538461,0.0792055465344352,1.0
all_studies,all,102,fasca,near_dead_bilateral,165,93,72,0.7696969696969697,0.7674731182795699,0.7666021441334128,0.8079450418160096,0.7849462365591398,0.75,0.3586787409784941,0.07743998257575754,0.5474943951819529,0.7878787878787878,0.18227587869399162,0.0
held_out_study,Ga,102,fasca,near_dead_bilateral,47,29,18,0.6808510638297872,0.6676245210727969,0.6657183499288762,0.6628352490421456,0.7241379310344828,0.6111111111111112,0.4945169935225831,0.18839544063829783,0.7296407533983231,0.6578947368421053,0.2902251397940782,0.0
held_out_study,Ju,102,fasca,near_dead_bilateral,54,29,25,0.7777777777777778,0.776551724137931,0.776551724137931,0.863448275862069,0.7931034482758621,0.76,0.31289862063765234,0.07482835018518526,0.48206888539879417,0.8181818181818182,0.1003102802800312,0.0
held_out_study,Si,102,fasca,near_dead_bilateral,64,35,29,0.828125,0.8280788177339902,0.8270695160894129,0.8965517241379309,0.8285714285714286,0.8275862068965517,0.2975495008040139,0.13714724835937506,0.4689334372463461,0.8846153846153846,0.07954618705922568,0.0
all_studies,all,102,fasca,contact_loss_bilateral,165,93,72,0.7272727272727273,0.7267025089605734,0.7246838963254106,0.7825567502986858,0.7311827956989247,0.7222222222222222,0.37573451638570676,0.07743061795454542,0.5842616381449488,0.7803030303030303,0.21029971825059263,0.0
held_out_study,Ga,102,fasca,contact_loss_bilateral,47,29,18,0.6382978723404256,0.6226053639846744,0.6211474632527264,0.6340996168582376,0.6896551724137931,0.5555555555555556,0.5253316861471916,0.21850898986170214,0.832227276806573,0.7105263157894737,0.30388517733370374,0.0
held_out_study,Ju,102,fasca,contact_loss_bilateral,54,29,25,0.7222222222222222,0.7220689655172414,0.7213622291021672,0.8289655172413793,0.7241379310344828,0.72,0.3357164871959278,0.07605128118518518,0.5065782377432437,0.7954545454545454,0.12839347661327669,0.0
held_out_study,Si,102,fasca,contact_loss_bilateral,64,35,29,0.796875,0.7995073891625616,0.7964276975776854,0.8778325123152708,0.7714285714285715,0.8275862068965517,0.2996393069709922,0.08060452995312498,0.46770724134175723,0.8653846153846154,0.10352634272689593,0.0
all_studies,all,102,fasca,saturation_bilateral,165,93,72,0.7393939393939394,0.7358870967741935,0.7355079217148183,0.7735961768219832,0.7634408602150538,0.7083333333333334,0.37878149559504826,0.05832951850909086,0.5929017436740515,0.7727272727272727,0.2182763735160685,0.0
held_out_study,Ga,102,fasca,saturation_bilateral,47,29,18,0.6595744680851063,0.6398467432950192,0.6398467432950192,0.6187739463601533,0.7241379310344828,0.5555555555555556,0.5268411048427409,0.1862079658085108,0.846438254888904,0.6578947368421053,0.3078432095223296,0.0
held_out_study,Ju,102,fasca,saturation_bilateral,54,29,25,0.7222222222222222,0.7193103448275862,0.7198201314424075,0.8262068965517242,0.7586206896551724,0.68,0.34065431101739285,0.050965474518518454,0.5140451833012736,0.7954545454545454,0.13749947865076514,0.0
held_out_study,Si,102,fasca,saturation_bilateral,64,35,29,0.8125,0.8137931034482759,0.8117647058823529,0.8679802955665024,0.8,0.8275862068965517,0.3022200320411706,0.10824355648437493,0.4732460910651755,0.8461538461538461,0.11342399784462792,0.0
all_studies,all,102,fasca,drift_bilateral,165,93,72,0.7212121212121212,0.7025089605734767,0.7047152194211017,0.7759856630824373,0.8494623655913979,0.5555555555555556,0.3732365490156799,0.07510025215151514,0.5802192793412058,0.7878787878787878,0.21281536271300036,0.0
held_out_study,Ga,102,fasca,drift_bilateral,47,29,18,0.6595744680851063,0.6082375478927203,0.6083333333333334,0.6494252873563218,0.8275862068965517,0.3888888888888889,0.4610940204403046,0.1567974229574468,0.7405915419217516,0.7368421052631579,0.28953021002087537,0.0
held_out_study,Ju,102,fasca,drift_bilateral,54,29,25,0.7222222222222222,0.7165517241379311,0.7174747122427625,0.8041379310344827,0.7931034482758621,0.64,0.3568850027126371,0.051327966666666676,0.5325561090544028,0.75,0.15656917749521668,0.0
held_out_study,Si,102,fasca,drift_bilateral,64,35,29,0.765625,0.7502463054187192,0.7520020666494446,0.8620689655172413,0.9142857142857143,0.5862068965517241,0.32251283563141336,0.16642267071875,0.5026616989381077,0.8461538461538461,0.13344384721487462,0.0
all_studies,all,102,fasca,packet_loss_bilateral,165,93,72,0.7212121212121212,0.722894265232975,0.7194707273802483,0.7831541218637993,0.7096774193548387,0.7361111111111112,0.3827814841198043,0.053649674508484874,0.5861914950160844,0.7727272727272727,0.2155468372064604,0.0
held_out_study,Ga,102,fasca,packet_loss_bilateral,47,29,18,0.6382978723404256,0.6226053639846744,0.6211474632527264,0.632183908045977,0.6896551724137931,0.5555555555555556,0.5275237311278885,0.18491538210425534,0.8145476957333537,0.6842105263157895,0.31457081393431213,0.0
held_out_study,Ju,102,fasca,packet_loss_bilateral,54,29,25,0.7222222222222222,0.7220689655172414,0.7213622291021672,0.8358620689655173,0.7241379310344828,0.72,0.3419068373350009,0.0918322569444444,0.5127247650499891,0.7727272727272727,0.12484996040095897,0.0
held_out_study,Si,102,fasca,packet_loss_bilateral,64,35,29,0.78125,0.7881773399014778,0.78125,0.8778325123152708,0.7142857142857143,0.8620689655172413,0.3109743796979203,0.06851641484374997,0.4804799635232325,0.8269230769230769,0.11221168558271834,0.0
all_studies,all,102,fasca,gain_miscalibration,165,93,72,0.7212121212121212,0.7244623655913979,0.7199675324675325,0.7793458781362007,0.6989247311827957,0.75,0.38799593361928725,0.0756441823636364,0.5876606656417043,0.7727272727272727,0.2076198347255197,0.0
held_out_study,Ga,102,fasca,gain_miscalibration,47,29,18,0.6595744680851063,0.6398467432950192,0.6398467432950192,0.6609195402298851,0.7241379310344828,0.5555555555555556,0.5111884319477926,0.21135846812765957,0.7762693158220805,0.6578947368421053,0.28269194002509257,0.0
held_out_study,Ju,102,fasca,gain_miscalibration,54,29,25,0.7407407407407407,0.7448275862068966,0.7407407407407407,0.8199999999999998,0.6896551724137931,0.8,0.36050700431559535,0.06005796101851853,0.5355097254548371,0.7727272727272727,0.15405621041926915,0.0
held_out_study,Si,102,fasca,gain_miscalibration,64,35,29,0.75,0.7566502463054188,0.75,0.8502463054187193,0.6857142857142857,0.8275862068965517,0.32072022675928114,0.115826959859375,0.49315354394815936,0.8269230769230769,0.130075621721439,0.0
all_studies,all,103,baseline,clean_both,165,93,72,0.7393939393939394,0.7421594982078853,0.7380081976293342,0.7697879330943846,0.7204301075268817,0.7638888888888888,0.41195054230774675,0.13449250922545455,0.6798622127894726,0.75,0.21796524078073992,0.0
held_out_study,Ga,103,baseline,clean_both,47,29,18,0.7021276595744681,0.6532567049808429,0.6572916666666666,0.685823754789272,0.8620689655172413,0.4444444444444444,0.5066724182835796,0.2609643212404256,0.8398775464395902,0.7105263157894737,0.2430099516173959,0.0
held_out_study,Ju,103,baseline,clean_both,54,29,25,0.7777777777777778,0.7820689655172414,0.7777777777777778,0.7937931034482758,0.7241379310344828,0.84,0.4102631964828197,0.16719564646111118,0.7372696896455728,0.7727272727272727,0.2163114951228573,0.0
held_out_study,Si,103,baseline,clean_both,64,35,29,0.734375,0.7482758620689656,0.7327437975927291,0.8630541871921182,0.6,0.896551724137931,0.34381286267777683,0.09282063726562495,0.5139133935428325,0.8076923076923077,0.13681452980471015,0.0
all_studies,all,103,baseline,left_only,165,93,72,0.703030303030303,0.7067652329749103,0.7019354838709677,0.756347072879331,0.6774193548387096,0.7361111111111112,0.438293537516835,0.13591526602818177,0.7250954518457013,0.7348484848484849,0.22618067804680725,0.0
held_out_study,Ga,103,baseline,left_only,47,29,18,0.6595744680851063,0.6293103448275862,0.6313725490196078,0.6724137931034483,0.7586206896551724,0.5,0.5212894613470512,0.22072798390531911,0.8529553148764455,0.6842105263157895,0.24912003613822728,0.0
held_out_study,Ju,103,baseline,left_only,54,29,25,0.7037037037037037,0.7048275862068966,0.7032967032967032,0.7496551724137931,0.6896551724137931,0.72,0.48567226173842637,0.18368007540925918,0.8895148523598317,0.7272727272727273,0.25078713267729885,0.0
held_out_study,Si,103,baseline,left_only,64,35,29,0.734375,0.7482758620689656,0.7327437975927291,0.8669950738916256,0.6,0.896551724137931,0.337367607392052,0.08594116579687494,0.4924694957487008,0.7692307692307693,0.10866581655208271,0.0
all_studies,all,103,baseline,right_only,165,93,72,0.7212121212121212,0.7260304659498208,0.7203801945181256,0.7427568697729989,0.6881720430107527,0.7638888888888888,0.4470252321492054,0.15110460017757582,0.7568968553108222,0.7272727272727273,0.2581438380380944,0.0
held_out_study,Ga,103,baseline,right_only,47,29,18,0.7021276595744681,0.6532567049808429,0.6572916666666666,0.632183908045977,0.8620689655172413,0.4444444444444444,0.5218173230480567,0.2422204925744681,0.9483906801227312,0.7105263157894737,0.3099494772075001,0.0
held_out_study,Ju,103,baseline,right_only,54,29,25,0.7407407407407407,0.7475862068965518,0.7403846153846154,0.7786206896551724,0.6551724137931034,0.84,0.42564725358228866,0.15667045243148142,0.7590789600386224,0.7727272727272727,0.2404251762231261,0.0
held_out_study,Si,103,baseline,right_only,64,35,29,0.71875,0.7339901477832512,0.716256157635468,0.8,0.5714285714285714,0.896551724137931,0.4101374598111974,0.10732457573437496,0.6144274268504952,0.7307692307692307,0.2161127598292205,0.0
all_studies,all,103,baseline,sensor_dead_bilateral,165,93,72,0.696969696969697,0.6951164874551972,0.6937184437184437,0.7813620071684588,0.7096774193548387,0.6805555555555556,0.3749105726547668,0.07870512546060605,0.5685881396339916,0.7803030303030303,0.19662439454374897,1.0
held_out_study,Ga,103,baseline,sensor_dead_bilateral,47,29,18,0.6382978723404256,0.5909961685823755,0.5908858166922683,0.6379310344827586,0.7931034482758621,0.3888888888888889,0.4683661562053155,0.1481412567021277,0.7065982127598008,0.6842105263157895,0.2914759466163226,1.0
held_out_study,Ju,103,baseline,sensor_dead_bilateral,54,29,25,0.7407407407407407,0.7475862068965518,0.7403846153846154,0.8303448275862069,0.6551724137931034,0.84,0.354783979100257,0.056499071962963,0.5370679073122319,0.7954545454545454,0.14940565429441574,1.0
held_out_study,Si,103,baseline,sensor_dead_bilateral,64,35,29,0.703125,0.7049261083743843,0.7024712503058478,0.8541871921182265,0.6857142857142857,0.7241379310344828,0.32326094179645015,0.16962122828125004,0.4938321882037099,0.8076923076923077,0.10759934477135444,1.0
all_studies,all,103,baseline,near_dead_bilateral,165,93,72,0.7212121212121212,0.7181899641577061,0.7174657534246576,0.7877837514934289,0.7419354838709677,0.6944444444444444,0.36866623388696396,0.0719050736848485,0.5684074691744109,0.7651515151515151,0.18360181898471012,0.0
held_out_study,Ga,103,baseline,near_dead_bilateral,47,29,18,0.6595744680851063,0.6082375478927203,0.6083333333333334,0.6800766283524904,0.8275862068965517,0.3888888888888889,0.4394553641124636,0.1319000915531916,0.6796978080221768,0.7368421052631579,0.24785740029791162,0.0
held_out_study,Ju,103,baseline,near_dead_bilateral,54,29,25,0.7037037037037037,0.710344827586207,0.7032967032967032,0.8165517241379311,0.6206896551724138,0.8,0.35743234843101873,0.12633222872222222,0.555414363670039,0.8181818181818182,0.1699044896265385,0.0
held_out_study,Si,103,baseline,near_dead_bilateral,64,35,29,0.78125,0.7822660098522167,0.7803921568627451,0.8522167487684729,0.7714285714285715,0.7931034482758621,0.3261590572310664,0.10045976962499997,0.4976415593523965,0.7692307692307693,0.10980116430034519,0.0
all_studies,all,103,baseline,contact_loss_bilateral,165,93,72,0.7393939393939394,0.7437275985663083,0.7384331797235023,0.7735961768219833,0.7096774193548387,0.7777777777777778,0.4057001536167158,0.11810728985939392,0.6596687495971156,0.7575757575757576,0.21385347869040808,0.0
held_out_study,Ga,103,baseline,contact_loss_bilateral,47,29,18,0.7021276595744681,0.6532567049808429,0.6572916666666666,0.6896551724137931,0.8620689655172413,0.4444444444444444,0.5008971895223793,0.2533245833042554,0.8150439000514856,0.7105263157894737,0.2396859496135275,0.0
held_out_study,Ju,103,baseline,contact_loss_bilateral,54,29,25,0.7592592592592593,0.7675862068965518,0.7585139318885449,0.7972413793103449,0.6551724137931034,0.88,0.40533327040434314,0.15501316032407406,0.7088308936576634,0.7954545454545454,0.21112116267655562,0.0
held_out_study,Si,103,baseline,contact_loss_bilateral,64,35,29,0.75,0.7625615763546798,0.7490196078431373,0.8640394088669952,0.6285714285714286,0.896551724137931,0.3360993880839334,0.07335484634375,0.5040845644311007,0.8076923076923077,0.13330591323112073,0.0
all_studies,all,103,baseline,saturation_bilateral,165,93,72,0.7454545454545455,0.7428315412186379,0.7420339487790351,0.7715053763440859,0.7634408602150538,0.7222222222222222,0.39585937071470495,0.1039473251072727,0.6560288917073636,0.7727272727272727,0.2150895301728879,0.0
held_out_study,Ga,103,baseline,saturation_bilateral,47,29,18,0.6808510638297872,0.6254789272030651,0.6259946949602122,0.6762452107279693,0.8620689655172413,0.3888888888888889,0.5072499105254507,0.23137810368085102,0.8392219041337792,0.7105263157894737,0.2562307132880336,0.0
held_out_study,Ju,103,baseline,saturation_bilateral,54,29,25,0.7592592592592593,0.7620689655172415,0.7591766723842196,0.7944827586206896,0.7241379310344828,0.8,0.3858679954388763,0.10589294325370373,0.6903672493949501,0.7954545454545454,0.2156820168474408,0.0
held_out_study,Si,103,baseline,saturation_bilateral,64,35,29,0.78125,0.7881773399014778,0.78125,0.8591133004926108,0.7142857142857143,0.8620689655172413,0.322487165930169,0.034912766781250076,0.4925235339078129,0.8076923076923077,0.12642013802557625,0.0
all_studies,all,103,baseline,drift_bilateral,165,93,72,0.6909090909090909,0.7022849462365591,0.6909090909090909,0.7647849462365592,0.6129032258064516,0.7916666666666666,0.4259112856288981,0.08395465702363633,0.6561260347310445,0.7196969696969697,0.22789053986822935,0.0
held_out_study,Ga,103,baseline,drift_bilateral,47,29,18,0.7021276595744681,0.6532567049808429,0.6572916666666666,0.7394636015325671,0.8620689655172413,0.4444444444444444,0.416888914844659,0.13036294393617023,0.6349307610156258,0.7105263157894737,0.19160773526063726,0.0
held_out_study,Ju,103,baseline,drift_bilateral,54,29,25,0.5555555555555556,0.5806896551724138,0.512781954887218,0.7655172413793103,0.2413793103448276,0.92,0.5437896033827472,0.22117438518333338,0.8538759954008648,0.6136363636363636,0.3095222610620772,0.0
held_out_study,Si,103,baseline,drift_bilateral,64,35,29,0.796875,0.8054187192118227,0.7968253968253969,0.8610837438423645,0.7142857142857143,0.896551724137931,0.3330772585687636,0.0959343208750001,0.504839784550644,0.7884615384615384,0.12717677812124872,0.0
all_studies,all,103,baseline,packet_loss_bilateral,165,93,72,0.7272727272727273,0.7314068100358423,0.7262672811059908,0.7741935483870968,0.6989247311827957,0.7638888888888888,0.40625734884167036,0.10137575361818177,0.6520976892808952,0.7575757575757576,0.21742211897944427,0.0
held_out_study,Ga,103,baseline,packet_loss_bilateral,47,29,18,0.7021276595744681,0.6532567049808429,0.6572916666666666,0.6877394636015326,0.8620689655172413,0.4444444444444444,0.48814852755472693,0.23024223536170216,0.7773719188330729,0.7105263157894737,0.23928742078554738,0.0
held_out_study,Ju,103,baseline,packet_loss_bilateral,54,29,25,0.7222222222222222,0.7303448275862069,0.7213622291021672,0.793103448275862,0.6206896551724138,0.84,0.41997369866855877,0.17573754768518524,0.7201578425566052,0.7727272727272727,0.2251123295407878,0.0
held_out_study,Si,103,baseline,packet_loss_bilateral,64,35,29,0.75,0.7625615763546798,0.7490196078431373,0.8699507389162562,0.6285714285714286,0.896551724137931,0.3345453443078322,0.03089663140625,0.5026736726271347,0.8076923076923077,0.1279025141609698,0.0
all_studies,all,103,baseline,gain_miscalibration,165,93,72,0.593939393939394,0.617831541218638,0.5890487342477975,0.7066158900836319,0.43010752688172044,0.8055555555555556,0.6032715315911157,0.2460875929408485,0.9909244020302374,0.6212121212121212,0.3233014871567117,0.0
held_out_study,Ga,103,baseline,gain_miscalibration,47,29,18,0.6595744680851063,0.6187739463601533,0.6209677419354839,0.6877394636015326,0.7931034482758621,0.4444444444444444,0.4883142439841921,0.17312131149148938,0.7413817708695442,0.7105263157894737,0.2367003011007188,0.0
held_out_study,Ju,103,baseline,gain_miscalibration,54,29,25,0.48148148148148145,0.5144827586206896,0.3782894736842105,0.7510344827586207,0.06896551724137931,0.96,0.855482124579106,0.43951436620629625,1.5633151751994487,0.5,0.32933164796090264,0.0
held_out_study,Si,103,baseline,gain_miscalibration,64,35,29,0.640625,0.6625615763546798,0.6296855345911949,0.8019704433497536,0.42857142857142855,0.896551724137931,0.47489060184383314,0.14322879406249997,0.6912275569273498,0.6923076923076923,0.25164425224445464,0.0
all_studies,all,103,fasca,clean_both,165,93,72,0.696969696969697,0.698252688172043,0.6950768775872265,0.7769563918757467,0.6881720430107527,0.7083333333333334,0.4122277742797001,0.10271869130303027,0.6270917962609189,0.75,0.21594705753424637,0.0
held_out_study,Ga,103,fasca,clean_both,47,29,18,0.6382978723404256,0.5909961685823755,0.5908858166922683,0.6800766283524904,0.7931034482758621,0.3888888888888889,0.4811242105908484,0.1752956167872341,0.7317988654138373,0.7105263157894737,0.28517021369537254,0.0
held_out_study,Ju,103,fasca,clean_both,54,29,25,0.7407407407407407,0.7365517241379311,0.7375,0.8131034482758621,0.7931034482758621,0.68,0.3517422997523148,0.07685292327777787,0.5626192375733967,0.7954545454545454,0.18681702531967628,0.0
held_out_study,Si,103,fasca,clean_both,64,35,29,0.703125,0.7226600985221674,0.6971357409713574,0.845320197044335,0.5142857142857142,0.9310344827586207,0.4126665729961821,0.08157914123437503,0.6045962637443415,0.7115384615384616,0.193625266170989,0.0
all_studies,all,103,fasca,left_only,165,93,72,0.6606060606060606,0.6691308243727598,0.6604938271604939,0.7582885304659499,0.6021505376344086,0.7361111111111112,0.4404923303441342,0.16412241626060606,0.6713418696561894,0.7348484848484849,0.2197612882646161,0.0
held_out_study,Ga,103,fasca,left_only,47,29,18,0.6170212765957447,0.6053639846743295,0.6024436090225564,0.6647509578544061,0.6551724137931034,0.5555555555555556,0.5336973447122328,0.2277226018085107,0.7968420611574738,0.631578947368421,0.2631307696730228,0.0
held_out_study,Ju,103,fasca,left_only,54,29,25,0.7037037037037037,0.7020689655172414,0.7020689655172414,0.7689655172413793,0.7241379310344828,0.68,0.42175000648141603,0.15056329811111102,0.6869005883502497,0.7727272727272727,0.23456411838125402,0.0
held_out_study,Si,103,fasca,left_only,64,35,29,0.65625,0.6768472906403941,0.6476476476476476,0.8443349753694581,0.45714285714285713,0.896551724137931,0.38785873367673024,0.14218766624999998,0.5660499976243202,0.7884615384615384,0.15069283543199466,0.0
all_studies,all,103,fasca,right_only,165,93,72,0.696969696969697,0.7045250896057347,0.6966911764705883,0.7597819593787336,0.6451612903225806,0.7638888888888888,0.4383202577511399,0.12281536715151514,0.6751825305542638,0.7272727272727273,0.23315449293121265,0.0
held_out_study,Ga,103,fasca,right_only,47,29,18,0.6595744680851063,0.6187739463601533,0.6209677419354839,0.6762452107279694,0.7931034482758621,0.4444444444444444,0.48914847760891017,0.17317492025531916,0.7461409056202044,0.6842105263157895,0.260118187481941,0.0
held_out_study,Ju,103,fasca,right_only,54,29,25,0.7962962962962963,0.7937931034482759,0.7945347630577655,0.8020689655172414,0.8275862068965517,0.76,0.35581121313157416,0.17599981079629637,0.5838408548092829,0.7727272727272727,0.20169261097600708,0.0
held_out_study,Si,103,fasca,right_only,64,35,29,0.640625,0.668472906403941,0.619736502195815,0.7980295566502463,0.37142857142857144,0.9655172413793104,0.47061029019084855,0.13483852070312494,0.7001420127750413,0.6730769230769231,0.25856983074071505,0.0
all_studies,all,103,fasca,sensor_dead_bilateral,165,93,72,0.6787878787878788,0.6883960573476702,0.6787406781528966,0.796594982078853,0.6129032258064516,0.7638888888888888,0.38930014842147975,0.06557439201818173,0.5730216114175055,0.75,0.188585966469968,1.0
held_out_study,Ga,103,fasca,sensor_dead_bilateral,47,29,18,0.6170212765957447,0.6053639846743295,0.6024436090225564,0.6666666666666666,0.6551724137931034,0.5555555555555556,0.47709922919439635,0.1259641072340425,0.6794688427540692,0.6842105263157895,0.274350077471353,1.0
held_out_study,Ju,103,fasca,sensor_dead_bilateral,54,29,25,0.7407407407407407,0.7420689655172414,0.7403846153846154,0.8344827586206897,0.7241379310344828,0.76,0.3282868576370499,0.06677662629629628,0.5073951729054135,0.8181818181818182,0.16998133418490932,1.0
held_out_study,Si,103,fasca,sensor_dead_bilateral,64,35,29,0.671875,0.6911330049261084,0.6652552926525529,0.8689655172413793,0.4857142857142857,0.896551724137931,0.3763026625782317,0.0589034659843749,0.550221733399294,0.7692307692307693,0.15937459675786128,1.0
all_studies,all,103,fasca,near_dead_bilateral,165,93,72,0.7212121212121212,0.7307347670250897,0.7211199294532628,0.8024193548387096,0.6559139784946236,0.8055555555555556,0.37724811408025055,0.0586349315636364,0.5635389307901207,0.7803030303030303,0.18914848876504026,0.0
held_out_study,Ga,103,fasca,near_dead_bilateral,47,29,18,0.6808510638297872,0.6781609195402298,0.6713286713286714,0.685823754789272,0.6896551724137931,0.6666666666666666,0.4516554074157591,0.10092676074468085,0.6590709038829927,0.6842105263157895,0.27697932690255617,0.0
held_out_study,Ju,103,fasca,near_dead_bilateral,54,29,25,0.7592592592592593,0.7593103448275862,0.7585139318885449,0.8331034482758621,0.7586206896551724,0.76,0.3274646193744198,0.09568799633333337,0.5119603616263761,0.8409090909090909,0.17984839044510348,0.0
held_out_study,Si,103,fasca,near_dead_bilateral,64,35,29,0.71875,0.7369458128078817,0.7142857142857143,0.8798029556650245,0.5428571428571428,0.9310344827586207,0.36461008169503123,0.09077929357812496,0.5369020557819526,0.7692307692307693,0.14148936647505797,0.0
all_studies,all,103,fasca,contact_loss_bilateral,165,93,72,0.696969696969697,0.7013888888888888,0.6960654288240495,0.7791218637992832,0.6666666666666666,0.7361111111111112,0.40917807616734253,0.09420044121818191,0.6185912192071543,0.7575757575757576,0.214294219677539,0.0
held_out_study,Ga,103,fasca,contact_loss_bilateral,47,29,18,0.6595744680851063,0.6187739463601533,0.6209677419354839,0.67816091954023,0.7931034482758621,0.4444444444444444,0.47820496817754327,0.15004153463829784,0.7240561619064824,0.7105263157894737,0.29331724883903454,0.0
held_out_study,Ju,103,fasca,contact_loss_bilateral,54,29,25,0.7037037037037037,0.7020689655172414,0.7020689655172414,0.8179310344827586,0.7241379310344828,0.68,0.351905731559278,0.10991893305555554,0.5532179644445014,0.7954545454545454,0.17993332532553322,0.0
held_out_study,Si,103,fasca,contact_loss_bilateral,64,35,29,0.71875,0.7399014778325124,0.7117117117117118,0.8482758620689654,0.5142857142857142,0.9655172413793104,0.4068099931104057,0.11634301575,0.5962990856183237,0.7307692307692307,0.18893372710371084,0.0
all_studies,all,103,fasca,saturation_bilateral,165,93,72,0.6909090909090909,0.6897401433691757,0.6879750825021321,0.7758363201911589,0.6989247311827957,0.6805555555555556,0.40020198569189985,0.10279064857575763,0.6130493013970889,0.7651515151515151,0.21496059482075552,0.0
held_out_study,Ga,103,fasca,saturation_bilateral,47,29,18,0.6382978723404256,0.5909961685823755,0.5908858166922683,0.6762452107279693,0.7931034482758621,0.3888888888888889,0.4750711987902457,0.172634101106383,0.7190519385540847,0.6842105263157895,0.2830974487393744,0.0
held_out_study,Ju,103,fasca,saturation_bilateral,54,29,25,0.7407407407407407,0.7337931034482759,0.7349228611500701,0.8124137931034483,0.8275862068965517,0.64,0.3471108846215066,0.07604135481481487,0.5643488702277043,0.8181818181818182,0.193326940562501,0.0
held_out_study,Si,103,fasca,saturation_bilateral,64,35,29,0.6875,0.7054187192118226,0.6825396825396826,0.8433497536945812,0.5142857142857142,0.896551724137931,0.3900155238509464,0.11369530535937508,0.5762946035340888,0.7692307692307693,0.1855737526676307,0.0
all_studies,all,103,fasca,drift_bilateral,165,93,72,0.6909090909090909,0.6960125448028673,0.6901807739037591,0.7968936678614098,0.6559139784946236,0.7361111111111112,0.3755083157620686,0.11275541483030307,0.5688462646656666,0.7727272727272727,0.19472033078882814,0.0
held_out_study,Ga,103,fasca,drift_bilateral,47,29,18,0.6382978723404256,0.5909961685823755,0.5908858166922683,0.7030651340996169,0.7931034482758621,0.3888888888888889,0.44012425268168526,0.15818427740425534,0.6570750040910748,0.7105263157894737,0.2622666046794582,0.0
held_out_study,Ju,103,fasca,drift_bilateral,54,29,25,0.7407407407407407,0.7448275862068966,0.7407407407407407,0.8593103448275863,0.6896551724137931,0.8,0.30470196846512,0.10529510418518516,0.4869930685714848,0.8409090909090909,0.15897648266359543,0.0
held_out_study,Si,103,fasca,drift_bilateral,64,35,29,0.6875,0.7054187192118226,0.6825396825396826,0.8344827586206897,0.5142857142857142,0.896551724137931,0.3877988426185256,0.10879880848437497,0.5731169183545981,0.75,0.186121679728871,0.0
all_studies,all,103,fasca,packet_loss_bilateral,165,93,72,0.6848484848484848,0.6906362007168458,0.6842802472770091,0.7800179211469535,0.6451612903225806,0.7361111111111112,0.409746728937031,0.09905785683636373,0.6144768869917658,0.7424242424242424,0.21679614101985747,0.0
held_out_study,Ga,103,fasca,packet_loss_bilateral,47,29,18,0.6595744680851063,0.6187739463601533,0.6209677419354839,0.6839080459770115,0.7931034482758621,0.4444444444444444,0.46958121502284783,0.1426175169574468,0.7037310311646052,0.7105263157894737,0.28370769544726376,0.0
held_out_study,Ju,103,fasca,packet_loss_bilateral,54,29,25,0.7222222222222222,0.7220689655172414,0.7213622291021672,0.8206896551724139,0.7241379310344828,0.72,0.34777600862070984,0.07965513438888888,0.5446231122426809,0.7954545454545454,0.17919674929915863,0.0
held_out_study,Si,103,fasca,packet_loss_bilateral,64,35,29,0.671875,0.6940886699507389,0.6618867924528302,0.8463054187192118,0.45714285714285713,0.9310344827586207,0.41809357348465537,0.10221449256249998,0.6078699973093773,0.7115384615384616,0.19934404559831886,0.0
all_studies,all,103,fasca,gain_miscalibration,165,93,72,0.6424242424242425,0.6561379928315412,0.6422139733176522,0.7669504181600957,0.5483870967741935,0.7638888888888888,0.44828801178863625,0.15211727973939393,0.6631793154386266,0.7196969696969697,0.22459278699748447,0.0
held_out_study,Ga,103,fasca,gain_miscalibration,47,29,18,0.6170212765957447,0.5842911877394636,0.5852941176470587,0.689655172413793,0.7241379310344828,0.4444444444444444,0.47777721488823105,0.17250626770212762,0.7161320276830561,0.6842105263157895,0.27962649406413626,0.0
held_out_study,Ju,103,fasca,gain_miscalibration,54,29,25,0.7037037037037037,0.7075862068965517,0.7037037037037037,0.8227586206896552,0.6551724137931034,0.76,0.36365503006352456,0.10710421485185177,0.5453875805586929,0.7727272727272727,0.15621466492085054,0.0
held_out_study,Si,103,fasca,gain_miscalibration,64,35,29,0.609375,0.6399014778325123,0.5797215655371684,0.7940886699507389,0.3142857142857143,0.9655172413793104,0.4980409565929347,0.182426380828125,0.7236789436890678,0.6730769230769231,0.271122161417389,0.0
