study,endpoint,baseline,fasca,difference_fasca_minus_baseline
Ga,fault_macro_f1_mean,0.6333185268516256,0.647965716197984,0.014647189346358447
Ga,fault_macro_f1_worst,0.5908858166922683,0.6209677419354839,0.030081925243215624
Ga,fault_balanced_accuracy_mean,0.6314997263273125,0.6481937602627258,0.016694033935413244
Ga,fault_brier_mean,0.4627942476996628,0.46341728763885837,0.0006230399391955466
Ju,fault_macro_f1_mean,0.6882880133759757,0.7943783292879579,0.10609031591198226
Ju,fault_macro_f1_worst,0.47218045112781953,0.776551724137931,0.3043712730101115
Ju,fault_balanced_accuracy_mean,0.705024630541872,0.7941871921182265,0.0891625615763545
Ju,fault_brier_mean,0.3964755877053193,0.30439282568628084,-0.09208276201903848
Si,fault_macro_f1_mean,0.7821705140108236,0.7866523236929613,0.0044818096821377384
Si,fault_macro_f1_worst,0.7343101343101344,0.7311588831233011,-0.003151251186833237
Si,fault_balanced_accuracy_mean,0.7847290640394089,0.7955665024630542,0.010837438423645263
Si,fault_brier_mean,0.30632834312796314,0.33151933763958413,0.02519099451162099
